,ROI,Design,Subject,Accuracy
0,visually_responsive_voxels,miniblock,01,76.57051086425781
1,visually_responsive_voxels,miniblock,02,81.78418731689453
2,visually_responsive_voxels,miniblock,03,75.97222137451172
3,visually_responsive_voxels,miniblock,04,69.28418731689453
4,visually_responsive_voxels,miniblock,05,79.82906341552734
5,visually_responsive_voxels,miniblock,06,58.57905960083008
6,visually_responsive_voxels,miniblock,07,73.06623840332031
7,visually_responsive_voxels,miniblock,08,78.31196594238281
8,visually_responsive_voxels,miniblock,10,75.39530181884766
9,visually_responsive_voxels,miniblock,11,77.04059600830078
10,visually_responsive_voxels,miniblock,12,82.008544921875
11,visually_responsive_voxels,miniblock,13,67.62820434570312
12,visually_responsive_voxels,miniblock,14,75.7371826171875
13,visually_responsive_voxels,miniblock,15,86.1645278930664
14,visually_responsive_voxels,miniblock,17,70.88674926757812
15,visually_responsive_voxels,miniblock,18,86.10042572021484
16,visually_responsive_voxels,miniblock,19,64.47649383544922
17,visually_responsive_voxels,miniblock,20,71.26068115234375
18,visually_responsive_voxels,miniblock,21,74.00640869140625
19,visually_responsive_voxels,miniblock,22,88.4188003540039
20,visually_responsive_voxels,sus,01,72.77777862548828
21,visually_responsive_voxels,sus,02,82.2542724609375
22,visually_responsive_voxels,sus,03,72.05128479003906
23,visually_responsive_voxels,sus,04,70.88674926757812
24,visually_responsive_voxels,sus,05,71.57051086425781
25,visually_responsive_voxels,sus,06,67.59615325927734
26,visually_responsive_voxels,sus,07,72.61752319335938
27,visually_responsive_voxels,sus,08,80.81196594238281
28,visually_responsive_voxels,sus,10,75.21367645263672
29,visually_responsive_voxels,sus,11,79.03845977783203
30,visually_responsive_voxels,sus,12,77.30769348144531
31,visually_responsive_voxels,sus,13,55.54487228393555
32,visually_responsive_voxels,sus,14,66.12179565429688
33,visually_responsive_voxels,sus,15,83.53632354736328
34,visually_responsive_voxels,sus,17,58.269229888916016
35,visually_responsive_voxels,sus,18,88.27991485595703
36,visually_responsive_voxels,sus,19,63.119659423828125
37,visually_responsive_voxels,sus,20,68.6645278930664
38,visually_responsive_voxels,sus,21,72.02991485595703
39,visually_responsive_voxels,sus,22,83.49359130859375
40,visually_responsive_voxels,er,01,51.38888931274414
41,visually_responsive_voxels,er,02,64.9145278930664
42,visually_responsive_voxels,er,03,56.55982971191406
43,visually_responsive_voxels,er,04,53.846153259277344
44,visually_responsive_voxels,er,05,60.86538314819336
45,visually_responsive_voxels,er,06,56.2927360534668
46,visually_responsive_voxels,er,07,57.489315032958984
47,visually_responsive_voxels,er,08,55.737178802490234
48,visually_responsive_voxels,er,10,61.67734909057617
49,visually_responsive_voxels,er,11,61.64529800415039
50,visually_responsive_voxels,er,12,57.11538314819336
51,visually_responsive_voxels,er,13,58.728633880615234
52,visually_responsive_voxels,er,14,57.9487190246582
53,visually_responsive_voxels,er,15,63.27991485595703
54,visually_responsive_voxels,er,17,54.74359130859375
55,visually_responsive_voxels,er,18,64.4871826171875
56,visually_responsive_voxels,er,19,59.57265090942383
57,visually_responsive_voxels,er,20,53.846153259277344
58,visually_responsive_voxels,er,21,65.36325073242188
59,visually_responsive_voxels,er,22,63.96367645263672
60,FFA,miniblock,01,75.491455078125
61,FFA,miniblock,02,78.2371826171875
62,FFA,miniblock,03,64.74359130859375
63,FFA,miniblock,04,70.17093658447266
64,FFA,miniblock,05,72.47863006591797
65,FFA,miniblock,06,70.11752319335938
66,FFA,miniblock,07,71.86965942382812
67,FFA,miniblock,08,74.85042572021484
68,FFA,miniblock,10,65.09615325927734
69,FFA,miniblock,11,76.13247680664062
70,FFA,miniblock,12,78.69657897949219
71,FFA,miniblock,13,68.2371826171875
72,FFA,miniblock,14,68.0982894897461
73,FFA,miniblock,15,82.94871520996094
74,FFA,miniblock,17,66.78418731689453
75,FFA,miniblock,18,75.52350616455078
76,FFA,miniblock,19,61.89102554321289
77,FFA,miniblock,20,58.482906341552734
78,FFA,miniblock,21,68.82478332519531
79,FFA,miniblock,22,79.96794891357422
80,FFA,sus,01,72.43589782714844
81,FFA,sus,02,75.70513153076172
82,FFA,sus,03,63.5042724609375
83,FFA,sus,04,64.97863006591797
84,FFA,sus,05,72.26495361328125
85,FFA,sus,06,68.93162536621094
86,FFA,sus,07,65.56623840332031
87,FFA,sus,08,73.77136993408203
88,FFA,sus,10,63.39743423461914
89,FFA,sus,11,74.43376159667969
90,FFA,sus,12,79.71154022216797
91,FFA,sus,13,61.03632354736328
92,FFA,sus,14,61.92307662963867
93,FFA,sus,15,80.06410217285156
94,FFA,sus,17,57.55341720581055
95,FFA,sus,18,76.82691955566406
96,FFA,sus,19,58.739315032958984
97,FFA,sus,20,55.128204345703125
98,FFA,sus,21,73.54701232910156
99,FFA,sus,22,79.508544921875
100,FFA,er,01,63.24786376953125
101,FFA,er,02,66.28205108642578
102,FFA,er,03,57.991451263427734
103,FFA,er,04,57.55341720581055
104,FFA,er,05,62.991451263427734
105,FFA,er,06,54.57265090942383
106,FFA,er,07,60.85470199584961
107,FFA,er,08,63.41880416870117
108,FFA,er,10,59.67948532104492
109,FFA,er,11,62.841880798339844
110,FFA,er,12,67.67093658447266
111,FFA,er,13,63.80341720581055
112,FFA,er,14,60.25640869140625
113,FFA,er,15,66.72008514404297
114,FFA,er,17,58.00213623046875
115,FFA,er,18,69.82906341552734
116,FFA,er,19,53.29059982299805
117,FFA,er,20,51.95512771606445
118,FFA,er,21,63.27991485595703
119,FFA,er,22,69.77564239501953
120,PPA,miniblock,01,59.380340576171875
121,PPA,miniblock,02,57.75640869140625
122,PPA,miniblock,03,59.31623840332031
123,PPA,miniblock,04,53.49359130859375
124,PPA,miniblock,05,55.267093658447266
125,PPA,miniblock,06,50.97222137451172
126,PPA,miniblock,07,58.985042572021484
127,PPA,miniblock,08,62.7029914855957
128,PPA,miniblock,10,64.4017105102539
129,PPA,miniblock,11,59.05982971191406
130,PPA,miniblock,12,56.66666793823242
131,PPA,miniblock,13,58.376068115234375
132,PPA,miniblock,14,57.86324691772461
133,PPA,miniblock,15,56.94444274902344
134,PPA,miniblock,17,50.03205108642578
135,PPA,miniblock,18,57.16880416870117
136,PPA,miniblock,19,52.46794891357422
137,PPA,miniblock,20,54.978633880615234
138,PPA,miniblock,21,52.617523193359375
139,PPA,miniblock,22,65.03205108642578
140,PPA,sus,01,56.03632354736328
141,PPA,sus,02,52.91666793823242
142,PPA,sus,03,55.86538314819336
143,PPA,sus,04,51.66666793823242
144,PPA,sus,05,50.149574279785156
145,PPA,sus,06,56.912391662597656
146,PPA,sus,07,59.380340576171875
147,PPA,sus,08,63.35470199584961
148,PPA,sus,10,62.094017028808594
149,PPA,sus,11,56.591880798339844
150,PPA,sus,12,56.35683822631836
151,PPA,sus,13,56.271366119384766
152,PPA,sus,14,55.0427360534668
153,PPA,sus,15,59.86111068725586
154,PPA,sus,17,53.408119201660156
155,PPA,sus,18,61.741451263427734
156,PPA,sus,19,53.878204345703125
157,PPA,sus,20,56.68803405761719
158,PPA,sus,21,51.78418731689453
159,PPA,sus,22,63.75
160,PPA,er,01,51.64529800415039
161,PPA,er,02,50.77991485595703
162,PPA,er,03,54.380340576171875
163,PPA,er,04,53.61111068725586
164,PPA,er,05,49.412391662597656
165,PPA,er,06,48.878204345703125
166,PPA,er,07,52.63888931274414
167,PPA,er,08,51.72008514404297
168,PPA,er,10,55.117523193359375
169,PPA,er,11,55.908119201660156
170,PPA,er,12,56.591880798339844
171,PPA,er,13,55.619659423828125
172,PPA,er,14,52.04059982299805
173,PPA,er,15,54.93589782714844
174,PPA,er,17,51.0042724609375
175,PPA,er,18,57.89529800415039
176,PPA,er,19,50.57692337036133
177,PPA,er,20,48.514957427978516
178,PPA,er,21,51.14316177368164
179,PPA,er,22,59.52991485595703
180,EBA,miniblock,01,78.88888549804688
181,EBA,miniblock,02,81.3568344116211
182,EBA,miniblock,03,64.29486846923828
183,EBA,miniblock,04,69.60469818115234
184,EBA,miniblock,05,73.55769348144531
185,EBA,miniblock,06,63.41880416870117
186,EBA,miniblock,07,71.70940399169922
187,EBA,miniblock,08,80.11752319335938
188,EBA,miniblock,10,64.94657897949219
189,EBA,miniblock,11,73.0128173828125
190,EBA,miniblock,12,77.53205108642578
191,EBA,miniblock,13,66.29273223876953
192,EBA,miniblock,14,72.29701232910156
193,EBA,miniblock,15,81.81623840332031
194,EBA,miniblock,17,64.97863006591797
195,EBA,miniblock,18,84.45513153076172
196,EBA,miniblock,19,62.2970085144043
197,EBA,miniblock,20,70.41666412353516
198,EBA,miniblock,21,81.45298767089844
199,EBA,miniblock,22,73.8354721069336
200,EBA,sus,01,74.39102935791016
201,EBA,sus,02,77.70298767089844
202,EBA,sus,03,64.03845977783203
203,EBA,sus,04,69.6474380493164
204,EBA,sus,05,72.04059600830078
205,EBA,sus,06,67.32906341552734
206,EBA,sus,07,69.33760833740234
207,EBA,sus,08,77.30769348144531
208,EBA,sus,10,61.271366119384766
209,EBA,sus,11,69.61538696289062
210,EBA,sus,12,75.66239166259766
211,EBA,sus,13,54.63675308227539
212,EBA,sus,14,61.46367645263672
213,EBA,sus,15,77.13674926757812
214,EBA,sus,17,54.123931884765625
215,EBA,sus,18,82.9059829711914
216,EBA,sus,19,57.77777862548828
217,EBA,sus,20,71.72008514404297
218,EBA,sus,21,80.39530181884766
219,EBA,sus,22,69.79701232910156
220,EBA,er,01,58.27991485595703
221,EBA,er,02,67.22222137451172
222,EBA,er,03,52.79914474487305
223,EBA,er,04,57.2970085144043
224,EBA,er,05,61.58119583129883
225,EBA,er,06,49.871795654296875
226,EBA,er,07,63.03418731689453
227,EBA,er,08,61.239315032958984
228,EBA,er,10,64.12393188476562
229,EBA,er,11,57.86324691772461
230,EBA,er,12,64.27350616455078
231,EBA,er,13,57.95940017700195
232,EBA,er,14,59.71154022216797
233,EBA,er,15,61.44230651855469
234,EBA,er,17,55.908119201660156
235,EBA,er,18,62.72435760498047
236,EBA,er,19,55.77991485595703
237,EBA,er,20,57.63888931274414
238,EBA,er,21,71.8482894897461
239,EBA,er,22,61.55982971191406
240,EVC,miniblock,01,79.28418731689453
241,EVC,miniblock,02,83.73931884765625
242,EVC,miniblock,03,85.53418731689453
243,EVC,miniblock,04,75.09615325927734
244,EVC,miniblock,05,78.62179565429688
245,EVC,miniblock,06,61.57051467895508
246,EVC,miniblock,07,77.56410217285156
247,EVC,miniblock,08,80.66239166259766
248,EVC,miniblock,10,77.27564239501953
249,EVC,miniblock,11,86.47435760498047
250,EVC,miniblock,12,84.51923370361328
251,EVC,miniblock,13,68.29059600830078
252,EVC,miniblock,14,77.26495361328125
253,EVC,miniblock,15,89.11325073242188
254,EVC,miniblock,17,76.94444274902344
255,EVC,miniblock,18,91.18589782714844
256,EVC,miniblock,19,68.24786376953125
257,EVC,miniblock,20,75.63034057617188
258,EVC,miniblock,21,78.3974380493164
259,EVC,miniblock,22,93.8354721069336
260,EVC,sus,01,75.60897064208984
261,EVC,sus,02,85.1068344116211
262,EVC,sus,03,77.32906341552734
263,EVC,sus,04,72.67093658447266
264,EVC,sus,05,72.4145278930664
265,EVC,sus,06,69.88247680664062
266,EVC,sus,07,76.21794891357422
267,EVC,sus,08,84.22008514404297
268,EVC,sus,10,81.88034057617188
269,EVC,sus,11,85.491455078125
270,EVC,sus,12,84.19871520996094
271,EVC,sus,13,56.72008514404297
272,EVC,sus,14,66.94444274902344
273,EVC,sus,15,90.8974380493164
274,EVC,sus,17,62.71367645263672
275,EVC,sus,18,93.45085144042969
276,EVC,sus,19,67.59615325927734
277,EVC,sus,20,71.23931884765625
278,EVC,sus,21,73.69657897949219
279,EVC,sus,22,92.42521667480469
280,EVC,er,01,51.378204345703125
281,EVC,er,02,66.25
282,EVC,er,03,61.485042572021484
283,EVC,er,04,56.06837463378906
284,EVC,er,05,59.882476806640625
285,EVC,er,06,58.53632354736328
286,EVC,er,07,60.235042572021484
287,EVC,er,08,58.53632354736328
288,EVC,er,10,59.31623840332031
289,EVC,er,11,69.45513153076172
290,EVC,er,12,62.232906341552734
291,EVC,er,13,58.27991485595703
292,EVC,er,14,56.591880798339844
293,EVC,er,15,70.30982971191406
294,EVC,er,17,56.42094039916992
295,EVC,er,18,70.43803405761719
296,EVC,er,19,62.60683822631836
297,EVC,er,20,54.46581268310547
298,EVC,er,21,68.19444274902344
299,EVC,er,22,69.60469818115234
