,ROI,Design,Subject,Accuracy,group
0,visually_responsive_voxels,miniblock,01,71.48148345947266,isanimate
1,visually_responsive_voxels,miniblock,01,74.0740737915039,inanimate
2,visually_responsive_voxels,miniblock,01,71.71052551269531,scene
3,visually_responsive_voxels,miniblock,02,82.03704071044922,isanimate
4,visually_responsive_voxels,miniblock,02,79.0740737915039,inanimate
5,visually_responsive_voxels,miniblock,02,78.50877380371094,scene
6,visually_responsive_voxels,miniblock,03,78.51851654052734,isanimate
7,visually_responsive_voxels,miniblock,03,66.48148345947266,inanimate
8,visually_responsive_voxels,miniblock,03,75.2631607055664,scene
9,visually_responsive_voxels,miniblock,04,71.11111450195312,isanimate
10,visually_responsive_voxels,miniblock,04,64.25926208496094,inanimate
11,visually_responsive_voxels,miniblock,04,67.45613861083984,scene
12,visually_responsive_voxels,miniblock,05,79.0740737915039,isanimate
13,visually_responsive_voxels,miniblock,05,74.62963104248047,inanimate
14,visually_responsive_voxels,miniblock,05,72.3245620727539,scene
15,visually_responsive_voxels,miniblock,06,55.74074172973633,isanimate
16,visually_responsive_voxels,miniblock,06,58.14814758300781,inanimate
17,visually_responsive_voxels,miniblock,06,53.77193069458008,scene
18,visually_responsive_voxels,miniblock,07,75.37036895751953,isanimate
19,visually_responsive_voxels,miniblock,07,69.44444274902344,inanimate
20,visually_responsive_voxels,miniblock,07,70.52631378173828,scene
21,visually_responsive_voxels,miniblock,08,65.74073791503906,isanimate
22,visually_responsive_voxels,miniblock,08,67.59259033203125,inanimate
23,visually_responsive_voxels,miniblock,08,79.5614013671875,scene
24,visually_responsive_voxels,miniblock,10,71.85185241699219,isanimate
25,visually_responsive_voxels,miniblock,10,76.85185241699219,inanimate
26,visually_responsive_voxels,miniblock,10,70.74561309814453,scene
27,visually_responsive_voxels,miniblock,11,71.85185241699219,isanimate
28,visually_responsive_voxels,miniblock,11,67.40740966796875,inanimate
29,visually_responsive_voxels,miniblock,11,77.45613861083984,scene
30,visually_responsive_voxels,miniblock,12,79.44444274902344,isanimate
31,visually_responsive_voxels,miniblock,12,81.11111450195312,inanimate
32,visually_responsive_voxels,miniblock,12,74.12281036376953,scene
33,visually_responsive_voxels,miniblock,13,71.11111450195312,isanimate
34,visually_responsive_voxels,miniblock,13,67.40740966796875,inanimate
35,visually_responsive_voxels,miniblock,13,61.622806549072266,scene
36,visually_responsive_voxels,miniblock,14,76.66666412353516,isanimate
37,visually_responsive_voxels,miniblock,14,77.03704071044922,inanimate
38,visually_responsive_voxels,miniblock,14,70.30701446533203,scene
39,visually_responsive_voxels,miniblock,15,80.0,isanimate
40,visually_responsive_voxels,miniblock,15,88.70370483398438,inanimate
41,visually_responsive_voxels,miniblock,15,83.15789794921875,scene
42,visually_responsive_voxels,miniblock,17,73.88888549804688,isanimate
43,visually_responsive_voxels,miniblock,17,65.9259262084961,inanimate
44,visually_responsive_voxels,miniblock,17,68.1140365600586,scene
45,visually_responsive_voxels,miniblock,18,89.0740737915039,isanimate
46,visually_responsive_voxels,miniblock,18,78.51851654052734,inanimate
47,visually_responsive_voxels,miniblock,18,83.9473648071289,scene
48,visually_responsive_voxels,miniblock,19,62.22222137451172,isanimate
49,visually_responsive_voxels,miniblock,19,65.0,inanimate
50,visually_responsive_voxels,miniblock,19,61.140350341796875,scene
51,visually_responsive_voxels,miniblock,20,69.44444274902344,isanimate
52,visually_responsive_voxels,miniblock,20,73.88888549804688,inanimate
53,visually_responsive_voxels,miniblock,20,67.71929931640625,scene
54,visually_responsive_voxels,miniblock,21,57.592594146728516,isanimate
55,visually_responsive_voxels,miniblock,21,83.33333587646484,inanimate
56,visually_responsive_voxels,miniblock,21,68.72807312011719,scene
57,visually_responsive_voxels,miniblock,22,79.44444274902344,isanimate
58,visually_responsive_voxels,miniblock,22,88.51851654052734,inanimate
59,visually_responsive_voxels,miniblock,22,87.6754379272461,scene
60,visually_responsive_voxels,sus,01,68.70370483398438,isanimate
61,visually_responsive_voxels,sus,01,69.44444274902344,inanimate
62,visually_responsive_voxels,sus,01,69.91227722167969,scene
63,visually_responsive_voxels,sus,02,83.51851654052734,isanimate
64,visually_responsive_voxels,sus,02,84.44444274902344,inanimate
65,visually_responsive_voxels,sus,02,76.71052551269531,scene
66,visually_responsive_voxels,sus,03,72.22222137451172,isanimate
67,visually_responsive_voxels,sus,03,75.74073791503906,inanimate
68,visually_responsive_voxels,sus,03,68.50877380371094,scene
69,visually_responsive_voxels,sus,04,65.37036895751953,isanimate
70,visually_responsive_voxels,sus,04,68.51851654052734,inanimate
71,visually_responsive_voxels,sus,04,73.33333587646484,scene
72,visually_responsive_voxels,sus,05,68.70370483398438,isanimate
73,visually_responsive_voxels,sus,05,75.9259262084961,inanimate
74,visually_responsive_voxels,sus,05,64.7368392944336,scene
75,visually_responsive_voxels,sus,06,64.81481170654297,isanimate
76,visually_responsive_voxels,sus,06,68.70370483398438,inanimate
77,visually_responsive_voxels,sus,06,63.28947448730469,scene
78,visually_responsive_voxels,sus,07,78.88888549804688,isanimate
79,visually_responsive_voxels,sus,07,67.59259033203125,inanimate
80,visually_responsive_voxels,sus,07,69.07894897460938,scene
81,visually_responsive_voxels,sus,08,81.11111450195312,isanimate
82,visually_responsive_voxels,sus,08,81.11111450195312,inanimate
83,visually_responsive_voxels,sus,08,74.8245620727539,scene
84,visually_responsive_voxels,sus,10,72.59259033203125,isanimate
85,visually_responsive_voxels,sus,10,77.40740966796875,inanimate
86,visually_responsive_voxels,sus,10,71.75438690185547,scene
87,visually_responsive_voxels,sus,11,75.55555725097656,isanimate
88,visually_responsive_voxels,sus,11,73.33333587646484,inanimate
89,visually_responsive_voxels,sus,11,77.71929931640625,scene
90,visually_responsive_voxels,sus,12,67.59259033203125,isanimate
91,visually_responsive_voxels,sus,12,79.62963104248047,inanimate
92,visually_responsive_voxels,sus,12,71.92982482910156,scene
93,visually_responsive_voxels,sus,13,56.48147964477539,isanimate
94,visually_responsive_voxels,sus,13,56.66666793823242,inanimate
95,visually_responsive_voxels,sus,13,49.8684196472168,scene
96,visually_responsive_voxels,sus,14,58.88888931274414,isanimate
97,visually_responsive_voxels,sus,14,69.62963104248047,inanimate
98,visually_responsive_voxels,sus,14,65.2631607055664,scene
99,visually_responsive_voxels,sus,15,75.9259262084961,isanimate
100,visually_responsive_voxels,sus,15,89.0740737915039,inanimate
101,visually_responsive_voxels,sus,15,78.59648895263672,scene
102,visually_responsive_voxels,sus,17,57.77777862548828,isanimate
103,visually_responsive_voxels,sus,17,54.25925827026367,inanimate
104,visually_responsive_voxels,sus,17,56.00877380371094,scene
105,visually_responsive_voxels,sus,18,89.62963104248047,isanimate
106,visually_responsive_voxels,sus,18,86.48148345947266,inanimate
107,visually_responsive_voxels,sus,18,83.50877380371094,scene
108,visually_responsive_voxels,sus,19,61.66666793823242,isanimate
109,visually_responsive_voxels,sus,19,66.66666412353516,inanimate
110,visually_responsive_voxels,sus,19,61.66666793823242,scene
111,visually_responsive_voxels,sus,20,67.59259033203125,isanimate
112,visually_responsive_voxels,sus,20,68.70370483398438,inanimate
113,visually_responsive_voxels,sus,20,63.20175552368164,scene
114,visually_responsive_voxels,sus,21,63.703704833984375,isanimate
115,visually_responsive_voxels,sus,21,72.03704071044922,inanimate
116,visually_responsive_voxels,sus,21,70.39473724365234,scene
117,visually_responsive_voxels,sus,22,76.85185241699219,isanimate
118,visually_responsive_voxels,sus,22,85.18518829345703,inanimate
119,visually_responsive_voxels,sus,22,81.14035034179688,scene
120,visually_responsive_voxels,er,01,54.62963104248047,isanimate
121,visually_responsive_voxels,er,01,58.51852035522461,inanimate
122,visually_responsive_voxels,er,01,47.5,scene
123,visually_responsive_voxels,er,02,61.66666793823242,isanimate
124,visually_responsive_voxels,er,02,65.9259262084961,inanimate
125,visually_responsive_voxels,er,02,62.85087585449219,scene
126,visually_responsive_voxels,er,03,54.814815521240234,isanimate
127,visually_responsive_voxels,er,03,50.0,inanimate
128,visually_responsive_voxels,er,03,57.3684196472168,scene
129,visually_responsive_voxels,er,04,53.88888931274414,isanimate
130,visually_responsive_voxels,er,04,53.703704833984375,inanimate
131,visually_responsive_voxels,er,04,54.03508758544922,scene
132,visually_responsive_voxels,er,05,61.48147964477539,isanimate
133,visually_responsive_voxels,er,05,57.592594146728516,inanimate
134,visually_responsive_voxels,er,05,54.6929817199707,scene
135,visually_responsive_voxels,er,06,62.407405853271484,isanimate
136,visually_responsive_voxels,er,06,45.185184478759766,inanimate
137,visually_responsive_voxels,er,06,55.657894134521484,scene
138,visually_responsive_voxels,er,07,56.66666793823242,isanimate
139,visually_responsive_voxels,er,07,62.03703689575195,inanimate
140,visually_responsive_voxels,er,07,52.105262756347656,scene
141,visually_responsive_voxels,er,08,59.25925827026367,isanimate
142,visually_responsive_voxels,er,08,49.074073791503906,inanimate
143,visually_responsive_voxels,er,08,55.70175552368164,scene
144,visually_responsive_voxels,er,10,49.814815521240234,isanimate
145,visually_responsive_voxels,er,10,63.703704833984375,inanimate
146,visually_responsive_voxels,er,10,63.28947448730469,scene
147,visually_responsive_voxels,er,11,67.03704071044922,isanimate
148,visually_responsive_voxels,er,11,65.37036895751953,inanimate
149,visually_responsive_voxels,er,11,56.622806549072266,scene
150,visually_responsive_voxels,er,12,45.74074172973633,isanimate
151,visually_responsive_voxels,er,12,53.33333206176758,inanimate
152,visually_responsive_voxels,er,12,58.28947448730469,scene
153,visually_responsive_voxels,er,13,64.81481170654297,isanimate
154,visually_responsive_voxels,er,13,60.37036895751953,inanimate
155,visually_responsive_voxels,er,13,51.842105865478516,scene
156,visually_responsive_voxels,er,14,65.74073791503906,isanimate
157,visually_responsive_voxels,er,14,55.185184478759766,inanimate
158,visually_responsive_voxels,er,14,54.21052551269531,scene
159,visually_responsive_voxels,er,15,48.33333206176758,isanimate
160,visually_responsive_voxels,er,15,69.25926208496094,inanimate
161,visually_responsive_voxels,er,15,61.622806549072266,scene
162,visually_responsive_voxels,er,17,51.66666793823242,isanimate
163,visually_responsive_voxels,er,17,51.85185241699219,inanimate
164,visually_responsive_voxels,er,17,55.78947448730469,scene
165,visually_responsive_voxels,er,18,67.22222137451172,isanimate
166,visually_responsive_voxels,er,18,56.48147964477539,inanimate
167,visually_responsive_voxels,er,18,62.105262756347656,scene
168,visually_responsive_voxels,er,19,56.66666793823242,isanimate
169,visually_responsive_voxels,er,19,57.77777862548828,inanimate
170,visually_responsive_voxels,er,19,58.72806930541992,scene
171,visually_responsive_voxels,er,20,58.14814758300781,isanimate
172,visually_responsive_voxels,er,20,48.14814758300781,inanimate
173,visually_responsive_voxels,er,20,53.50877380371094,scene
174,visually_responsive_voxels,er,21,63.51852035522461,isanimate
175,visually_responsive_voxels,er,21,65.55555725097656,inanimate
176,visually_responsive_voxels,er,21,61.885963439941406,scene
177,visually_responsive_voxels,er,22,57.96296310424805,isanimate
178,visually_responsive_voxels,er,22,65.9259262084961,inanimate
179,visually_responsive_voxels,er,22,64.12281036376953,scene
180,FFA,miniblock,01,80.37036895751953,isanimate
181,FFA,miniblock,01,63.14814758300781,inanimate
182,FFA,miniblock,01,70.13157653808594,scene
183,FFA,miniblock,02,77.96295928955078,isanimate
184,FFA,miniblock,02,65.37036895751953,inanimate
185,FFA,miniblock,02,75.48245239257812,scene
186,FFA,miniblock,03,71.85185241699219,isanimate
187,FFA,miniblock,03,61.66666793823242,inanimate
188,FFA,miniblock,03,56.92982482910156,scene
189,FFA,miniblock,04,72.03704071044922,isanimate
190,FFA,miniblock,04,60.925926208496094,inanimate
191,FFA,miniblock,04,65.87718963623047,scene
192,FFA,miniblock,05,74.25926208496094,isanimate
193,FFA,miniblock,05,71.66666412353516,inanimate
194,FFA,miniblock,05,59.64912414550781,scene
195,FFA,miniblock,06,63.703704833984375,isanimate
196,FFA,miniblock,06,71.85185241699219,inanimate
197,FFA,miniblock,06,54.8684196472168,scene
198,FFA,miniblock,07,77.03704071044922,isanimate
199,FFA,miniblock,07,62.22222137451172,inanimate
200,FFA,miniblock,07,65.6140365600586,scene
201,FFA,miniblock,08,68.33333587646484,isanimate
202,FFA,miniblock,08,65.74073791503906,inanimate
203,FFA,miniblock,08,66.4473648071289,scene
204,FFA,miniblock,10,58.51852035522461,isanimate
205,FFA,miniblock,10,59.62963104248047,inanimate
206,FFA,miniblock,10,59.342105865478516,scene
207,FFA,miniblock,11,66.11111450195312,isanimate
208,FFA,miniblock,11,68.33333587646484,inanimate
209,FFA,miniblock,11,69.07894897460938,scene
210,FFA,miniblock,12,81.48148345947266,isanimate
211,FFA,miniblock,12,66.29629516601562,inanimate
212,FFA,miniblock,12,68.81578826904297,scene
213,FFA,miniblock,13,64.0740737915039,isanimate
214,FFA,miniblock,13,56.48147964477539,inanimate
215,FFA,miniblock,13,58.421051025390625,scene
216,FFA,miniblock,14,69.0740737915039,isanimate
217,FFA,miniblock,14,57.77777862548828,inanimate
218,FFA,miniblock,14,64.42982482910156,scene
219,FFA,miniblock,15,83.70370483398438,isanimate
220,FFA,miniblock,15,75.37036895751953,inanimate
221,FFA,miniblock,15,79.3859634399414,scene
222,FFA,miniblock,17,71.66666412353516,isanimate
223,FFA,miniblock,17,67.03704071044922,inanimate
224,FFA,miniblock,17,57.675437927246094,scene
225,FFA,miniblock,18,77.59259033203125,isanimate
226,FFA,miniblock,18,68.88888549804688,inanimate
227,FFA,miniblock,18,67.6754379272461,scene
228,FFA,miniblock,19,68.88888549804688,isanimate
229,FFA,miniblock,19,53.51852035522461,inanimate
230,FFA,miniblock,19,59.51754379272461,scene
231,FFA,miniblock,20,57.407405853271484,isanimate
232,FFA,miniblock,20,54.074073791503906,inanimate
233,FFA,miniblock,20,52.543861389160156,scene
234,FFA,miniblock,21,70.18518829345703,isanimate
235,FFA,miniblock,21,71.11111450195312,inanimate
236,FFA,miniblock,21,59.78070068359375,scene
237,FFA,miniblock,22,74.0740737915039,isanimate
238,FFA,miniblock,22,77.96295928955078,inanimate
239,FFA,miniblock,22,75.6140365600586,scene
240,FFA,sus,01,81.85185241699219,isanimate
241,FFA,sus,01,60.74074172973633,inanimate
242,FFA,sus,01,68.28947448730469,scene
243,FFA,sus,02,83.51851654052734,isanimate
244,FFA,sus,02,64.81481170654297,inanimate
245,FFA,sus,02,69.91227722167969,scene
246,FFA,sus,03,68.88888549804688,isanimate
247,FFA,sus,03,55.925926208496094,inanimate
248,FFA,sus,03,59.42982482910156,scene
249,FFA,sus,04,70.9259262084961,isanimate
250,FFA,sus,04,42.407405853271484,inanimate
251,FFA,sus,04,66.18421173095703,scene
252,FFA,sus,05,71.11111450195312,isanimate
253,FFA,sus,05,73.70370483398438,inanimate
254,FFA,sus,05,60.877193450927734,scene
255,FFA,sus,06,70.18518829345703,isanimate
256,FFA,sus,06,56.85185241699219,inanimate
257,FFA,sus,06,60.52631759643555,scene
258,FFA,sus,07,74.0740737915039,isanimate
259,FFA,sus,07,59.62963104248047,inanimate
260,FFA,sus,07,57.061405181884766,scene
261,FFA,sus,08,68.88888549804688,isanimate
262,FFA,sus,08,66.66666412353516,inanimate
263,FFA,sus,08,69.51754760742188,scene
264,FFA,sus,10,66.48148345947266,isanimate
265,FFA,sus,10,51.85185241699219,inanimate
266,FFA,sus,10,57.6315803527832,scene
267,FFA,sus,11,64.62963104248047,isanimate
268,FFA,sus,11,71.29629516601562,inanimate
269,FFA,sus,11,64.21052551269531,scene
270,FFA,sus,12,72.03704071044922,isanimate
271,FFA,sus,12,75.37036895751953,inanimate
272,FFA,sus,12,70.92105102539062,scene
273,FFA,sus,13,62.96296310424805,isanimate
274,FFA,sus,13,48.33333206176758,inanimate
275,FFA,sus,13,55.438594818115234,scene
276,FFA,sus,14,67.96295928955078,isanimate
277,FFA,sus,14,54.62963104248047,inanimate
278,FFA,sus,14,56.885963439941406,scene
279,FFA,sus,15,76.11111450195312,isanimate
280,FFA,sus,15,72.77777862548828,inanimate
281,FFA,sus,15,74.60526275634766,scene
282,FFA,sus,17,61.66666793823242,isanimate
283,FFA,sus,17,54.62963104248047,inanimate
284,FFA,sus,17,48.72806930541992,scene
285,FFA,sus,18,78.88888549804688,isanimate
286,FFA,sus,18,64.25926208496094,inanimate
287,FFA,sus,18,70.6140365600586,scene
288,FFA,sus,19,63.14814758300781,isanimate
289,FFA,sus,19,58.14814758300781,inanimate
290,FFA,sus,19,54.385963439941406,scene
291,FFA,sus,20,56.11111068725586,isanimate
292,FFA,sus,20,53.88888931274414,inanimate
293,FFA,sus,20,48.68421173095703,scene
294,FFA,sus,21,73.14814758300781,isanimate
295,FFA,sus,21,67.77777862548828,inanimate
296,FFA,sus,21,68.1140365600586,scene
297,FFA,sus,22,80.74073791503906,isanimate
298,FFA,sus,22,78.70370483398438,inanimate
299,FFA,sus,22,75.78947448730469,scene
300,FFA,er,01,64.0740737915039,isanimate
301,FFA,er,01,54.62963104248047,inanimate
302,FFA,er,01,58.157894134521484,scene
303,FFA,er,02,68.88888549804688,isanimate
304,FFA,er,02,53.51852035522461,inanimate
305,FFA,er,02,63.94736862182617,scene
306,FFA,er,03,58.33333206176758,isanimate
307,FFA,er,03,49.25925827026367,inanimate
308,FFA,er,03,55.1315803527832,scene
309,FFA,er,04,62.77777862548828,isanimate
310,FFA,er,04,44.44444274902344,inanimate
311,FFA,er,04,57.324562072753906,scene
312,FFA,er,05,63.33333206176758,isanimate
313,FFA,er,05,61.85185241699219,inanimate
314,FFA,er,05,54.956138610839844,scene
315,FFA,er,06,63.51852035522461,isanimate
316,FFA,er,06,51.11111068725586,inanimate
317,FFA,er,06,48.72806930541992,scene
318,FFA,er,07,68.14814758300781,isanimate
319,FFA,er,07,49.814815521240234,inanimate
320,FFA,er,07,57.28070068359375,scene
321,FFA,er,08,62.592594146728516,isanimate
322,FFA,er,08,53.33333206176758,inanimate
323,FFA,er,08,61.53508758544922,scene
324,FFA,er,10,64.0740737915039,isanimate
325,FFA,er,10,50.74074172973633,inanimate
326,FFA,er,10,53.99122619628906,scene
327,FFA,er,11,61.66666793823242,isanimate
328,FFA,er,11,52.22222137451172,inanimate
329,FFA,er,11,55.57017517089844,scene
330,FFA,er,12,62.22222137451172,isanimate
331,FFA,er,12,61.48147964477539,inanimate
332,FFA,er,12,62.01754379272461,scene
333,FFA,er,13,63.88888931274414,isanimate
334,FFA,er,13,53.88888931274414,inanimate
335,FFA,er,13,57.105262756347656,scene
336,FFA,er,14,62.96296310424805,isanimate
337,FFA,er,14,62.03703689575195,inanimate
338,FFA,er,14,51.578948974609375,scene
339,FFA,er,15,68.70370483398438,isanimate
340,FFA,er,15,59.25925827026367,inanimate
341,FFA,er,15,62.85087585449219,scene
342,FFA,er,17,61.11111068725586,isanimate
343,FFA,er,17,50.37036895751953,inanimate
344,FFA,er,17,55.438594818115234,scene
345,FFA,er,18,70.74073791503906,isanimate
346,FFA,er,18,52.407405853271484,inanimate
347,FFA,er,18,67.5,scene
348,FFA,er,19,54.44444274902344,isanimate
349,FFA,er,19,57.96296310424805,inanimate
350,FFA,er,19,48.859649658203125,scene
351,FFA,er,20,57.96296310424805,isanimate
352,FFA,er,20,46.296295166015625,inanimate
353,FFA,er,20,49.342105865478516,scene
354,FFA,er,21,68.88888549804688,isanimate
355,FFA,er,21,52.407405853271484,inanimate
356,FFA,er,21,58.55263137817383,scene
357,FFA,er,22,59.25925827026367,isanimate
358,FFA,er,22,67.59259033203125,inanimate
359,FFA,er,22,65.87718963623047,scene
360,PPA,miniblock,01,53.51852035522461,isanimate
361,PPA,miniblock,01,54.25925827026367,inanimate
362,PPA,miniblock,01,56.31578826904297,scene
363,PPA,miniblock,02,83.33333587646484,isanimate
364,PPA,miniblock,02,84.44444274902344,inanimate
365,PPA,miniblock,02,80.70175170898438,scene
366,PPA,miniblock,03,49.62963104248047,isanimate
367,PPA,miniblock,03,61.296295166015625,inanimate
368,PPA,miniblock,03,53.20175552368164,scene
369,PPA,miniblock,04,86.85185241699219,isanimate
370,PPA,miniblock,04,86.29629516601562,inanimate
371,PPA,miniblock,04,85.70175170898438,scene
372,PPA,miniblock,05,56.85185241699219,isanimate
373,PPA,miniblock,05,52.96296310424805,inanimate
374,PPA,miniblock,05,52.14912414550781,scene
375,PPA,miniblock,06,50.37036895751953,isanimate
376,PPA,miniblock,06,55.74074172973633,inanimate
377,PPA,miniblock,06,46.79824447631836,scene
378,PPA,miniblock,07,53.88888931274414,isanimate
379,PPA,miniblock,07,49.44444274902344,inanimate
380,PPA,miniblock,07,53.94736862182617,scene
381,PPA,miniblock,08,63.88888931274414,isanimate
382,PPA,miniblock,08,59.25925827026367,inanimate
383,PPA,miniblock,08,58.596492767333984,scene
384,PPA,miniblock,10,66.48148345947266,isanimate
385,PPA,miniblock,10,53.703704833984375,inanimate
386,PPA,miniblock,10,60.043861389160156,scene
387,PPA,miniblock,11,49.44444274902344,isanimate
388,PPA,miniblock,11,60.0,inanimate
389,PPA,miniblock,11,53.72806930541992,scene
390,PPA,miniblock,12,85.74073791503906,isanimate
391,PPA,miniblock,12,90.18518829345703,inanimate
392,PPA,miniblock,12,84.7368392944336,scene
393,PPA,miniblock,13,59.25925827026367,isanimate
394,PPA,miniblock,13,55.185184478759766,inanimate
395,PPA,miniblock,13,53.07017517089844,scene
396,PPA,miniblock,14,46.48147964477539,isanimate
397,PPA,miniblock,14,55.55555725097656,inanimate
398,PPA,miniblock,14,55.614036560058594,scene
399,PPA,miniblock,15,44.25925827026367,isanimate
400,PPA,miniblock,15,50.925926208496094,inanimate
401,PPA,miniblock,15,53.68421173095703,scene
402,PPA,miniblock,17,48.33333206176758,isanimate
403,PPA,miniblock,17,49.074073791503906,inanimate
404,PPA,miniblock,17,49.8684196472168,scene
405,PPA,miniblock,18,61.296295166015625,isanimate
406,PPA,miniblock,18,58.51852035522461,inanimate
407,PPA,miniblock,18,47.456138610839844,scene
408,PPA,miniblock,19,79.81481170654297,isanimate
409,PPA,miniblock,19,81.29629516601562,inanimate
410,PPA,miniblock,19,74.60526275634766,scene
411,PPA,miniblock,20,46.66666793823242,isanimate
412,PPA,miniblock,20,60.74074172973633,inanimate
413,PPA,miniblock,20,48.28947448730469,scene
414,PPA,miniblock,21,48.51852035522461,isanimate
415,PPA,miniblock,21,51.48147964477539,inanimate
416,PPA,miniblock,21,55.175437927246094,scene
417,PPA,miniblock,22,52.407405853271484,isanimate
418,PPA,miniblock,22,71.29629516601562,inanimate
419,PPA,miniblock,22,61.05263137817383,scene
420,PPA,sus,01,53.33333206176758,isanimate
421,PPA,sus,01,58.14814758300781,inanimate
422,PPA,sus,01,49.25438690185547,scene
423,PPA,sus,02,79.62963104248047,isanimate
424,PPA,sus,02,91.48148345947266,inanimate
425,PPA,sus,02,81.09648895263672,scene
426,PPA,sus,03,56.296295166015625,isanimate
427,PPA,sus,03,51.48147964477539,inanimate
428,PPA,sus,03,55.78947448730469,scene
429,PPA,sus,04,73.14814758300781,isanimate
430,PPA,sus,04,79.25926208496094,inanimate
431,PPA,sus,04,78.9473648071289,scene
432,PPA,sus,05,52.03703689575195,isanimate
433,PPA,sus,05,52.407405853271484,inanimate
434,PPA,sus,05,46.27193069458008,scene
435,PPA,sus,06,61.85185241699219,isanimate
436,PPA,sus,06,54.62963104248047,inanimate
437,PPA,sus,06,49.122806549072266,scene
438,PPA,sus,07,52.592594146728516,isanimate
439,PPA,sus,07,55.925926208496094,inanimate
440,PPA,sus,07,53.20175552368164,scene
441,PPA,sus,08,57.96296310424805,isanimate
442,PPA,sus,08,58.33333206176758,inanimate
443,PPA,sus,08,59.078948974609375,scene
444,PPA,sus,10,59.074073791503906,isanimate
445,PPA,sus,10,59.62963104248047,inanimate
446,PPA,sus,10,54.64912414550781,scene
447,PPA,sus,11,41.48147964477539,isanimate
448,PPA,sus,11,54.44444274902344,inanimate
449,PPA,sus,11,58.94736862182617,scene
450,PPA,sus,12,80.0,isanimate
451,PPA,sus,12,89.81481170654297,inanimate
452,PPA,sus,12,84.78070068359375,scene
453,PPA,sus,13,51.66666793823242,isanimate
454,PPA,sus,13,57.96296310424805,inanimate
455,PPA,sus,13,52.41228103637695,scene
456,PPA,sus,14,54.25925827026367,isanimate
457,PPA,sus,14,51.296295166015625,inanimate
458,PPA,sus,14,53.157894134521484,scene
459,PPA,sus,15,54.814815521240234,isanimate
460,PPA,sus,15,56.11111068725586,inanimate
461,PPA,sus,15,58.114036560058594,scene
462,PPA,sus,17,48.33333206176758,isanimate
463,PPA,sus,17,52.77777862548828,inanimate
464,PPA,sus,17,54.42982482910156,scene
465,PPA,sus,18,57.96296310424805,isanimate
466,PPA,sus,18,53.14814758300781,inanimate
467,PPA,sus,18,56.18421173095703,scene
468,PPA,sus,19,74.44444274902344,isanimate
469,PPA,sus,19,75.55555725097656,inanimate
470,PPA,sus,19,73.02631378173828,scene
471,PPA,sus,20,51.11111068725586,isanimate
472,PPA,sus,20,72.22222137451172,inanimate
473,PPA,sus,20,48.903507232666016,scene
474,PPA,sus,21,61.66666793823242,isanimate
475,PPA,sus,21,48.14814758300781,inanimate
476,PPA,sus,21,48.903507232666016,scene
477,PPA,sus,22,54.25925827026367,isanimate
478,PPA,sus,22,55.925926208496094,inanimate
479,PPA,sus,22,66.18421173095703,scene
480,PPA,er,01,46.85185241699219,isanimate
481,PPA,er,01,48.33333206176758,inanimate
482,PPA,er,01,54.91228103637695,scene
483,PPA,er,02,62.22222137451172,isanimate
484,PPA,er,02,73.14814758300781,inanimate
485,PPA,er,02,66.09648895263672,scene
486,PPA,er,03,51.85185241699219,isanimate
487,PPA,er,03,54.44444274902344,inanimate
488,PPA,er,03,48.94736862182617,scene
489,PPA,er,04,53.33333206176758,isanimate
490,PPA,er,04,73.70370483398438,inanimate
491,PPA,er,04,67.36842346191406,scene
492,PPA,er,05,48.703704833984375,isanimate
493,PPA,er,05,45.74074172973633,inanimate
494,PPA,er,05,50.394737243652344,scene
495,PPA,er,06,58.703704833984375,isanimate
496,PPA,er,06,44.62963104248047,inanimate
497,PPA,er,06,47.938594818115234,scene
498,PPA,er,07,47.96296310424805,isanimate
499,PPA,er,07,53.14814758300781,inanimate
500,PPA,er,07,48.157894134521484,scene
501,PPA,er,08,49.074073791503906,isanimate
502,PPA,er,08,55.925926208496094,inanimate
503,PPA,er,08,50.83333206176758,scene
504,PPA,er,10,49.62963104248047,isanimate
505,PPA,er,10,58.33333206176758,inanimate
506,PPA,er,10,55.614036560058594,scene
507,PPA,er,11,54.62963104248047,isanimate
508,PPA,er,11,52.96296310424805,inanimate
509,PPA,er,11,54.956138610839844,scene
510,PPA,er,12,57.77777862548828,isanimate
511,PPA,er,12,64.81481170654297,inanimate
512,PPA,er,12,71.0526351928711,scene
513,PPA,er,13,54.074073791503906,isanimate
514,PPA,er,13,49.074073791503906,inanimate
515,PPA,er,13,58.421051025390625,scene
516,PPA,er,14,52.96296310424805,isanimate
517,PPA,er,14,51.85185241699219,inanimate
518,PPA,er,14,50.657894134521484,scene
519,PPA,er,15,47.407405853271484,isanimate
520,PPA,er,15,49.074073791503906,inanimate
521,PPA,er,15,52.28070068359375,scene
522,PPA,er,17,42.96296310424805,isanimate
523,PPA,er,17,53.51852035522461,inanimate
524,PPA,er,17,51.53508758544922,scene
525,PPA,er,18,63.33333206176758,isanimate
526,PPA,er,18,52.77777862548828,inanimate
527,PPA,er,18,52.01754379272461,scene
528,PPA,er,19,68.14814758300781,isanimate
529,PPA,er,19,73.33333587646484,inanimate
530,PPA,er,19,64.03508758544922,scene
531,PPA,er,20,47.96296310424805,isanimate
532,PPA,er,20,41.296295166015625,inanimate
533,PPA,er,20,49.21052551269531,scene
534,PPA,er,21,44.62963104248047,isanimate
535,PPA,er,21,56.48147964477539,inanimate
536,PPA,er,21,52.324562072753906,scene
537,PPA,er,22,49.44444274902344,isanimate
538,PPA,er,22,63.88888931274414,inanimate
539,PPA,er,22,60.0,scene
540,EBA,miniblock,01,77.03704071044922,isanimate
541,EBA,miniblock,01,74.25926208496094,inanimate
542,EBA,miniblock,01,73.1140365600586,scene
543,EBA,miniblock,02,87.59259033203125,isanimate
544,EBA,miniblock,02,71.85185241699219,inanimate
545,EBA,miniblock,02,75.21929931640625,scene
546,EBA,miniblock,03,65.0,isanimate
547,EBA,miniblock,03,58.703704833984375,inanimate
548,EBA,miniblock,03,63.07017517089844,scene
549,EBA,miniblock,04,71.48148345947266,isanimate
550,EBA,miniblock,04,62.22222137451172,inanimate
551,EBA,miniblock,04,66.71052551269531,scene
552,EBA,miniblock,05,77.77777862548828,isanimate
553,EBA,miniblock,05,71.85185241699219,inanimate
554,EBA,miniblock,05,64.60526275634766,scene
555,EBA,miniblock,06,61.296295166015625,isanimate
556,EBA,miniblock,06,63.88888931274414,inanimate
557,EBA,miniblock,06,55.83333206176758,scene
558,EBA,miniblock,07,69.0740737915039,isanimate
559,EBA,miniblock,07,68.88888549804688,inanimate
560,EBA,miniblock,07,66.57894897460938,scene
561,EBA,miniblock,08,72.77777862548828,isanimate
562,EBA,miniblock,08,72.22222137451172,inanimate
563,EBA,miniblock,08,76.79824829101562,scene
564,EBA,miniblock,10,65.55555725097656,isanimate
565,EBA,miniblock,10,57.407405853271484,inanimate
566,EBA,miniblock,10,61.49122619628906,scene
567,EBA,miniblock,11,73.88888549804688,isanimate
568,EBA,miniblock,11,63.88888931274414,inanimate
569,EBA,miniblock,11,71.27192687988281,scene
570,EBA,miniblock,12,75.0,isanimate
571,EBA,miniblock,12,70.9259262084961,inanimate
572,EBA,miniblock,12,69.16666412353516,scene
573,EBA,miniblock,13,60.74074172973633,isanimate
574,EBA,miniblock,13,58.51852035522461,inanimate
575,EBA,miniblock,13,64.60526275634766,scene
576,EBA,miniblock,14,72.03704071044922,isanimate
577,EBA,miniblock,14,67.22222137451172,inanimate
578,EBA,miniblock,14,65.21929931640625,scene
579,EBA,miniblock,15,73.33333587646484,isanimate
580,EBA,miniblock,15,83.33333587646484,inanimate
581,EBA,miniblock,15,79.8245620727539,scene
582,EBA,miniblock,17,60.37036895751953,isanimate
583,EBA,miniblock,17,68.14814758300781,inanimate
584,EBA,miniblock,17,57.76315689086914,scene
585,EBA,miniblock,18,82.40740966796875,isanimate
586,EBA,miniblock,18,81.48148345947266,inanimate
587,EBA,miniblock,18,81.62281036376953,scene
588,EBA,miniblock,19,61.48147964477539,isanimate
589,EBA,miniblock,19,49.074073791503906,inanimate
590,EBA,miniblock,19,59.91228103637695,scene
591,EBA,miniblock,20,77.59259033203125,isanimate
592,EBA,miniblock,20,63.51852035522461,inanimate
593,EBA,miniblock,20,58.46491241455078,scene
594,EBA,miniblock,21,77.03704071044922,isanimate
595,EBA,miniblock,21,82.40740966796875,inanimate
596,EBA,miniblock,21,76.14035034179688,scene
597,EBA,miniblock,22,68.70370483398438,isanimate
598,EBA,miniblock,22,72.03704071044922,inanimate
599,EBA,miniblock,22,73.24561309814453,scene
600,EBA,sus,01,73.88888549804688,isanimate
601,EBA,sus,01,66.11111450195312,inanimate
602,EBA,sus,01,69.69298553466797,scene
603,EBA,sus,02,77.96295928955078,isanimate
604,EBA,sus,02,71.11111450195312,inanimate
605,EBA,sus,02,69.60526275634766,scene
606,EBA,sus,03,66.66666412353516,isanimate
607,EBA,sus,03,60.37036895751953,inanimate
608,EBA,sus,03,60.48245620727539,scene
609,EBA,sus,04,69.0740737915039,isanimate
610,EBA,sus,04,63.14814758300781,inanimate
611,EBA,sus,04,69.86842346191406,scene
612,EBA,sus,05,66.29629516601562,isanimate
613,EBA,sus,05,73.70370483398438,inanimate
614,EBA,sus,05,66.14035034179688,scene
615,EBA,sus,06,64.62963104248047,isanimate
616,EBA,sus,06,64.25926208496094,inanimate
617,EBA,sus,06,62.8070182800293,scene
618,EBA,sus,07,67.40740966796875,isanimate
619,EBA,sus,07,64.0740737915039,inanimate
620,EBA,sus,07,67.58772277832031,scene
621,EBA,sus,08,80.55555725097656,isanimate
622,EBA,sus,08,77.59259033203125,inanimate
623,EBA,sus,08,70.65789794921875,scene
624,EBA,sus,10,56.85185241699219,isanimate
625,EBA,sus,10,54.814815521240234,inanimate
626,EBA,sus,10,59.21052551269531,scene
627,EBA,sus,11,61.296295166015625,isanimate
628,EBA,sus,11,66.11111450195312,inanimate
629,EBA,sus,11,65.92105102539062,scene
630,EBA,sus,12,69.0740737915039,isanimate
631,EBA,sus,12,71.66666412353516,inanimate
632,EBA,sus,12,67.58772277832031,scene
633,EBA,sus,13,55.925926208496094,isanimate
634,EBA,sus,13,55.74074172973633,inanimate
635,EBA,sus,13,46.622806549072266,scene
636,EBA,sus,14,63.88888931274414,isanimate
637,EBA,sus,14,59.44444274902344,inanimate
638,EBA,sus,14,58.903507232666016,scene
639,EBA,sus,15,64.62963104248047,isanimate
640,EBA,sus,15,77.03704071044922,inanimate
641,EBA,sus,15,77.28070068359375,scene
642,EBA,sus,17,46.66666793823242,isanimate
643,EBA,sus,17,56.85185241699219,inanimate
644,EBA,sus,17,49.25438690185547,scene
645,EBA,sus,18,80.9259262084961,isanimate
646,EBA,sus,18,77.59259033203125,inanimate
647,EBA,sus,18,75.35087585449219,scene
648,EBA,sus,19,62.03703689575195,isanimate
649,EBA,sus,19,58.33333206176758,inanimate
650,EBA,sus,19,50.614036560058594,scene
651,EBA,sus,20,76.29629516601562,isanimate
652,EBA,sus,20,65.9259262084961,inanimate
653,EBA,sus,20,64.12281036376953,scene
654,EBA,sus,21,73.70370483398438,isanimate
655,EBA,sus,21,78.70370483398438,inanimate
656,EBA,sus,21,76.49122619628906,scene
657,EBA,sus,22,69.25926208496094,isanimate
658,EBA,sus,22,56.66666793823242,inanimate
659,EBA,sus,22,69.29824829101562,scene
660,EBA,er,01,50.0,isanimate
661,EBA,er,01,54.62963104248047,inanimate
662,EBA,er,01,55.74561309814453,scene
663,EBA,er,02,59.25925827026367,isanimate
664,EBA,er,02,66.29629516601562,inanimate
665,EBA,er,02,67.45613861083984,scene
666,EBA,er,03,49.25925827026367,isanimate
667,EBA,er,03,51.85185241699219,inanimate
668,EBA,er,03,51.22806930541992,scene
669,EBA,er,04,60.185184478759766,isanimate
670,EBA,er,04,48.88888931274414,inanimate
671,EBA,er,04,58.421051025390625,scene
672,EBA,er,05,58.14814758300781,isanimate
673,EBA,er,05,61.48147964477539,inanimate
674,EBA,er,05,55.877193450927734,scene
675,EBA,er,06,52.22222137451172,isanimate
676,EBA,er,06,55.74074172973633,inanimate
677,EBA,er,06,44.8684196472168,scene
678,EBA,er,07,57.407405853271484,isanimate
679,EBA,er,07,70.55555725097656,inanimate
680,EBA,er,07,60.175437927246094,scene
681,EBA,er,08,52.592594146728516,isanimate
682,EBA,er,08,57.96296310424805,inanimate
683,EBA,er,08,62.324562072753906,scene
684,EBA,er,10,55.74074172973633,isanimate
685,EBA,er,10,64.25926208496094,inanimate
686,EBA,er,10,67.6754379272461,scene
687,EBA,er,11,61.48147964477539,isanimate
688,EBA,er,11,47.407405853271484,inanimate
689,EBA,er,11,57.938594818115234,scene
690,EBA,er,12,52.22222137451172,isanimate
691,EBA,er,12,56.85185241699219,inanimate
692,EBA,er,12,64.51754760742188,scene
693,EBA,er,13,62.407405853271484,isanimate
694,EBA,er,13,48.703704833984375,inanimate
695,EBA,er,13,50.78947448730469,scene
696,EBA,er,14,66.48148345947266,isanimate
697,EBA,er,14,54.074073791503906,inanimate
698,EBA,er,14,51.75438690185547,scene
699,EBA,er,15,54.44444274902344,isanimate
700,EBA,er,15,61.11111068725586,inanimate
701,EBA,er,15,60.08771896362305,scene
702,EBA,er,17,59.074073791503906,isanimate
703,EBA,er,17,52.592594146728516,inanimate
704,EBA,er,17,51.97368240356445,scene
705,EBA,er,18,62.03703689575195,isanimate
706,EBA,er,18,59.44444274902344,inanimate
707,EBA,er,18,58.859649658203125,scene
708,EBA,er,19,60.55555725097656,isanimate
709,EBA,er,19,50.37036895751953,inanimate
710,EBA,er,19,55.1315803527832,scene
711,EBA,er,20,56.11111068725586,isanimate
712,EBA,er,20,44.25925827026367,inanimate
713,EBA,er,20,58.46491241455078,scene
714,EBA,er,21,65.74073791503906,isanimate
715,EBA,er,21,69.44444274902344,inanimate
716,EBA,er,21,68.42105102539062,scene
717,EBA,er,22,60.925926208496094,isanimate
718,EBA,er,22,60.37036895751953,inanimate
719,EBA,er,22,60.394737243652344,scene
720,EVC,miniblock,01,73.33333587646484,isanimate
721,EVC,miniblock,01,81.48148345947266,inanimate
722,EVC,miniblock,01,78.42105102539062,scene
723,EVC,miniblock,02,82.03704071044922,isanimate
724,EVC,miniblock,02,87.22222137451172,inanimate
725,EVC,miniblock,02,81.22807312011719,scene
726,EVC,miniblock,03,88.70370483398438,isanimate
727,EVC,miniblock,03,82.77777862548828,inanimate
728,EVC,miniblock,03,84.78070068359375,scene
729,EVC,miniblock,04,78.14814758300781,isanimate
730,EVC,miniblock,04,69.0740737915039,inanimate
731,EVC,miniblock,04,75.35087585449219,scene
732,EVC,miniblock,05,78.70370483398438,isanimate
733,EVC,miniblock,05,77.22222137451172,inanimate
734,EVC,miniblock,05,74.34210205078125,scene
735,EVC,miniblock,06,64.62963104248047,isanimate
736,EVC,miniblock,06,63.33333206176758,inanimate
737,EVC,miniblock,06,57.14912414550781,scene
738,EVC,miniblock,07,82.03704071044922,isanimate
739,EVC,miniblock,07,76.48148345947266,inanimate
740,EVC,miniblock,07,75.21929931640625,scene
741,EVC,miniblock,08,78.14814758300781,isanimate
742,EVC,miniblock,08,77.77777862548828,inanimate
743,EVC,miniblock,08,81.27192687988281,scene
744,EVC,miniblock,10,73.33333587646484,isanimate
745,EVC,miniblock,10,81.66666412353516,inanimate
746,EVC,miniblock,10,76.53508758544922,scene
747,EVC,miniblock,11,86.48148345947266,isanimate
748,EVC,miniblock,11,80.37036895751953,inanimate
749,EVC,miniblock,11,87.89473724365234,scene
750,EVC,miniblock,12,86.66666412353516,isanimate
751,EVC,miniblock,12,87.22222137451172,inanimate
752,EVC,miniblock,12,79.8245620727539,scene
753,EVC,miniblock,13,69.81481170654297,isanimate
754,EVC,miniblock,13,74.62963104248047,inanimate
755,EVC,miniblock,13,64.12281036376953,scene
756,EVC,miniblock,14,80.18518829345703,isanimate
757,EVC,miniblock,14,80.18518829345703,inanimate
758,EVC,miniblock,14,73.24561309814453,scene
759,EVC,miniblock,15,85.18518829345703,isanimate
760,EVC,miniblock,15,89.81481170654297,inanimate
761,EVC,miniblock,15,89.12281036376953,scene
762,EVC,miniblock,17,82.03704071044922,isanimate
763,EVC,miniblock,17,72.77777862548828,inanimate
764,EVC,miniblock,17,76.53508758544922,scene
765,EVC,miniblock,18,96.48148345947266,isanimate
766,EVC,miniblock,18,84.25926208496094,inanimate
767,EVC,miniblock,18,92.36842346191406,scene
768,EVC,miniblock,19,68.33333587646484,isanimate
769,EVC,miniblock,19,71.11111450195312,inanimate
770,EVC,miniblock,19,66.09648895263672,scene
771,EVC,miniblock,20,72.59259033203125,isanimate
772,EVC,miniblock,20,78.33333587646484,inanimate
773,EVC,miniblock,20,74.7368392944336,scene
774,EVC,miniblock,21,71.29629516601562,isanimate
775,EVC,miniblock,21,87.22222137451172,inanimate
776,EVC,miniblock,21,74.60526275634766,scene
777,EVC,miniblock,22,90.55555725097656,isanimate
778,EVC,miniblock,22,92.03704071044922,inanimate
779,EVC,miniblock,22,93.50877380371094,scene
780,EVC,sus,01,76.85185241699219,isanimate
781,EVC,sus,01,80.74073791503906,inanimate
782,EVC,sus,01,71.53508758544922,scene
783,EVC,sus,02,88.33333587646484,isanimate
784,EVC,sus,02,90.0,inanimate
785,EVC,sus,02,82.0614013671875,scene
786,EVC,sus,03,77.40740966796875,isanimate
787,EVC,sus,03,84.0740737915039,inanimate
788,EVC,sus,03,74.5614013671875,scene
789,EVC,sus,04,68.51851654052734,isanimate
790,EVC,sus,04,72.59259033203125,inanimate
791,EVC,sus,04,76.53508758544922,scene
792,EVC,sus,05,70.0,isanimate
793,EVC,sus,05,75.55555725097656,inanimate
794,EVC,sus,05,69.07894897460938,scene
795,EVC,sus,06,75.74073791503906,isanimate
796,EVC,sus,06,70.0,inanimate
797,EVC,sus,06,67.98245239257812,scene
798,EVC,sus,07,81.29629516601562,isanimate
799,EVC,sus,07,74.25926208496094,inanimate
800,EVC,sus,07,74.64912414550781,scene
801,EVC,sus,08,87.40740966796875,isanimate
802,EVC,sus,08,82.77777862548828,inanimate
803,EVC,sus,08,81.18421173095703,scene
804,EVC,sus,10,80.55555725097656,isanimate
805,EVC,sus,10,83.70370483398438,inanimate
806,EVC,sus,10,80.48245239257812,scene
807,EVC,sus,11,83.70370483398438,isanimate
808,EVC,sus,11,80.9259262084961,inanimate
809,EVC,sus,11,85.6140365600586,scene
810,EVC,sus,12,82.22222137451172,isanimate
811,EVC,sus,12,89.62963104248047,inanimate
812,EVC,sus,12,81.49122619628906,scene
813,EVC,sus,13,60.74074172973633,isanimate
814,EVC,sus,13,60.0,inanimate
815,EVC,sus,13,51.359649658203125,scene
816,EVC,sus,14,63.14814758300781,isanimate
817,EVC,sus,14,71.66666412353516,inanimate
818,EVC,sus,14,66.75438690185547,scene
819,EVC,sus,15,87.03704071044922,isanimate
820,EVC,sus,15,94.81481170654297,inanimate
821,EVC,sus,15,88.85964965820312,scene
822,EVC,sus,17,66.11111450195312,isanimate
823,EVC,sus,17,57.407405853271484,inanimate
824,EVC,sus,17,61.622806549072266,scene
825,EVC,sus,18,95.9259262084961,isanimate
826,EVC,sus,18,91.11111450195312,inanimate
827,EVC,sus,18,93.28947448730469,scene
828,EVC,sus,19,63.703704833984375,isanimate
829,EVC,sus,19,70.18518829345703,inanimate
830,EVC,sus,19,67.10526275634766,scene
831,EVC,sus,20,69.44444274902344,isanimate
832,EVC,sus,20,70.0,inanimate
833,EVC,sus,20,69.86842346191406,scene
834,EVC,sus,21,62.592594146728516,isanimate
835,EVC,sus,21,80.55555725097656,inanimate
836,EVC,sus,21,72.7631607055664,scene
837,EVC,sus,22,87.96295928955078,isanimate
838,EVC,sus,22,92.96295928955078,inanimate
839,EVC,sus,22,92.14912414550781,scene
840,EVC,er,01,57.96296310424805,isanimate
841,EVC,er,01,57.03703689575195,inanimate
842,EVC,er,01,46.403507232666016,scene
843,EVC,er,02,60.74074172973633,isanimate
844,EVC,er,02,66.85185241699219,inanimate
845,EVC,er,02,65.4385986328125,scene
846,EVC,er,03,60.0,isanimate
847,EVC,er,03,56.296295166015625,inanimate
848,EVC,er,03,64.60526275634766,scene
849,EVC,er,04,52.96296310424805,isanimate
850,EVC,er,04,60.55555725097656,inanimate
851,EVC,er,04,55.57017517089844,scene
852,EVC,er,05,59.44444274902344,isanimate
853,EVC,er,05,62.592594146728516,inanimate
854,EVC,er,05,55.394737243652344,scene
855,EVC,er,06,59.814815521240234,isanimate
856,EVC,er,06,50.925926208496094,inanimate
857,EVC,er,06,56.66666793823242,scene
858,EVC,er,07,65.0,isanimate
859,EVC,er,07,61.85185241699219,inanimate
860,EVC,er,07,57.28070068359375,scene
861,EVC,er,08,57.592594146728516,isanimate
862,EVC,er,08,56.85185241699219,inanimate
863,EVC,er,08,58.02631759643555,scene
864,EVC,er,10,49.814815521240234,isanimate
865,EVC,er,10,69.44444274902344,inanimate
866,EVC,er,10,57.938594818115234,scene
867,EVC,er,11,72.22222137451172,isanimate
868,EVC,er,11,75.55555725097656,inanimate
869,EVC,er,11,65.52631378173828,scene
870,EVC,er,12,54.074073791503906,isanimate
871,EVC,er,12,61.85185241699219,inanimate
872,EVC,er,12,64.51754760742188,scene
873,EVC,er,13,64.0740737915039,isanimate
874,EVC,er,13,57.592594146728516,inanimate
875,EVC,er,13,55.614036560058594,scene
876,EVC,er,14,65.55555725097656,isanimate
877,EVC,er,14,53.88888931274414,inanimate
878,EVC,er,14,53.55263137817383,scene
879,EVC,er,15,58.33333206176758,isanimate
880,EVC,er,15,76.85185241699219,inanimate
881,EVC,er,15,68.50877380371094,scene
882,EVC,er,17,57.77777862548828,isanimate
883,EVC,er,17,47.407405853271484,inanimate
884,EVC,er,17,57.894737243652344,scene
885,EVC,er,18,72.77777862548828,isanimate
886,EVC,er,18,60.37036895751953,inanimate
887,EVC,er,18,75.21929931640625,scene
888,EVC,er,19,64.44444274902344,isanimate
889,EVC,er,19,61.66666793823242,inanimate
890,EVC,er,19,60.57017517089844,scene
891,EVC,er,20,52.407405853271484,isanimate
892,EVC,er,20,52.407405853271484,inanimate
893,EVC,er,20,55.78947448730469,scene
894,EVC,er,21,69.0740737915039,isanimate
895,EVC,er,21,71.48148345947266,inanimate
896,EVC,er,21,67.36842346191406,scene
897,EVC,er,22,57.22222137451172,isanimate
898,EVC,er,22,72.22222137451172,inanimate
899,EVC,er,22,72.10526275634766,scene
