,subject,runtype,smoothing,median_nc,mean_nc,ROI
0,01,miniblock,unsmoothed,0.3807782161059595,0.34125213675744387,visually_responsive_voxels
1,01,miniblock,unsmoothed,0.6288728577760857,0.5533565017118635,FFA
2,01,miniblock,unsmoothed,0.26958981869763066,0.26613846572059513,PPA
3,01,miniblock,unsmoothed,0.46801455557971544,0.4208600556533221,EBA
4,01,miniblock,unsmoothed,0.4682309972972206,0.4201452940970795,EVC
5,01,miniblock,sm_2_vox,0.42654773567466125,0.40755860737072513,visually_responsive_voxels
6,01,miniblock,sm_2_vox,0.8560377706384726,0.7578123165545332,FFA
7,01,miniblock,sm_2_vox,0.5185452146377918,0.41870643696347415,PPA
8,01,miniblock,sm_2_vox,0.6722194194196871,0.5948803673217539,EBA
9,01,miniblock,sm_2_vox,0.6068321556476655,0.5407095495653895,EVC
10,01,sus,unsmoothed,0.2905241629401448,0.28621919048992595,visually_responsive_voxels
11,01,sus,unsmoothed,0.6076179453269969,0.5264940507541326,FFA
12,01,sus,unsmoothed,0.34252866986836017,0.283104595235857,PPA
13,01,sus,unsmoothed,0.3828327534923453,0.3474453016276884,EBA
14,01,sus,unsmoothed,0.428899675397849,0.39148920613644494,EVC
15,01,sus,sm_2_vox,0.38894852976488864,0.3647610723482047,visually_responsive_voxels
16,01,sus,sm_2_vox,0.8270490828676533,0.729070347545958,FFA
17,01,sus,sm_2_vox,0.5712672592059147,0.5066199459790273,PPA
18,01,sus,sm_2_vox,0.5828928200796244,0.5174780515396823,EBA
19,01,sus,sm_2_vox,0.5968593813707272,0.5389118726295308,EVC
20,01,er,unsmoothed,0.0,0.18679568386045095,visually_responsive_voxels
21,01,er,unsmoothed,0.3720653074083399,0.3129570023109632,FFA
22,01,er,unsmoothed,0.0,0.1977024609483784,PPA
23,01,er,unsmoothed,0.13257444228973028,0.208673416065757,EBA
24,01,er,unsmoothed,0.10185852552183987,0.21021202980629258,EVC
25,01,er,sm_2_vox,0.2876916334916621,0.27464616703830647,visually_responsive_voxels
26,01,er,sm_2_vox,0.6244357309348818,0.5762638121989535,FFA
27,01,er,sm_2_vox,0.15433510332263378,0.22776750051578737,PPA
28,01,er,sm_2_vox,0.36792562721259964,0.33156681231605983,EBA
29,01,er,sm_2_vox,0.38704927265380784,0.3424966439726276,EVC
30,02,miniblock,unsmoothed,0.38677782677157624,0.3451435042471116,visually_responsive_voxels
31,02,miniblock,unsmoothed,0.4820001210740498,0.4510498333742697,FFA
32,02,miniblock,unsmoothed,0.3002269189600152,0.2647271985606918,PPA
33,02,miniblock,unsmoothed,0.5066762447968246,0.4524435949908978,EBA
34,02,miniblock,unsmoothed,0.4692474487625854,0.41888264405308256,EVC
35,02,miniblock,sm_2_vox,0.4291482676255976,0.3986491029937661,visually_responsive_voxels
36,02,miniblock,sm_2_vox,0.8755176934816823,0.763328775847115,FFA
37,02,miniblock,sm_2_vox,0.5849675309152506,0.565582265436742,PPA
38,02,miniblock,sm_2_vox,0.7158287399805068,0.6332946627857331,EBA
39,02,miniblock,sm_2_vox,0.5738986379875635,0.533083515444066,EVC
40,02,sus,unsmoothed,0.24381068783574328,0.27029176523020976,visually_responsive_voxels
41,02,sus,unsmoothed,0.4672239607625406,0.426511011296118,FFA
42,02,sus,unsmoothed,0.35747407884190235,0.2885635547331325,PPA
43,02,sus,unsmoothed,0.4041568486724553,0.37258877145234365,EBA
44,02,sus,unsmoothed,0.41124378700182085,0.38303602231973377,EVC
45,02,sus,sm_2_vox,0.38436631341260863,0.3696803172444059,visually_responsive_voxels
46,02,sus,sm_2_vox,0.8650349697920295,0.7905261239786519,FFA
47,02,sus,sm_2_vox,0.2917015141509862,0.2749485211855617,PPA
48,02,sus,sm_2_vox,0.6623864288247775,0.6070726322253427,EBA
49,02,sus,sm_2_vox,0.564271972877222,0.5183098571726868,EVC
50,02,er,unsmoothed,0.25318820603605363,0.25155126862662014,visually_responsive_voxels
51,02,er,unsmoothed,0.4263985787209299,0.36442670784810766,FFA
52,02,er,unsmoothed,0.26046921430926834,0.2452991690617421,PPA
53,02,er,unsmoothed,0.35580116090761427,0.3144869905934144,EBA
54,02,er,unsmoothed,0.3358317158798685,0.3047072056799501,EVC
55,02,er,sm_2_vox,0.3109295681939185,0.29714133410601945,visually_responsive_voxels
56,02,er,sm_2_vox,0.7328687314098672,0.6610938389852524,FFA
57,02,er,sm_2_vox,0.26233958087998643,0.24863782933579975,PPA
58,02,er,sm_2_vox,0.5304717977905533,0.47386811123857286,EBA
59,02,er,sm_2_vox,0.4148243020567774,0.38164593312372175,EVC
60,03,miniblock,unsmoothed,0.08150106669104798,0.20711725979476406,visually_responsive_voxels
61,03,miniblock,unsmoothed,0.33010623419502644,0.3084967314846039,FFA
62,03,miniblock,unsmoothed,0.22033968614250243,0.27628270535723837,PPA
63,03,miniblock,unsmoothed,0.24132490474784885,0.2569739408626285,EBA
64,03,miniblock,unsmoothed,0.28372417949945206,0.2837019062707744,EVC
65,03,miniblock,sm_2_vox,0.2716624359435784,0.2800329269849543,visually_responsive_voxels
66,03,miniblock,sm_2_vox,0.5585102447301596,0.5007431449631626,FFA
67,03,miniblock,sm_2_vox,0.5380603690908043,0.4686989932464077,PPA
68,03,miniblock,sm_2_vox,0.5562814779654914,0.47479677065754355,EBA
69,03,miniblock,sm_2_vox,0.5123889696229743,0.44649324459429796,EVC
70,03,sus,unsmoothed,0.025025330959043576,0.20181961499478035,visually_responsive_voxels
71,03,sus,unsmoothed,0.31328712118120383,0.2994576615078599,FFA
72,03,sus,unsmoothed,0.15745090981658624,0.21090774138882845,PPA
73,03,sus,unsmoothed,0.18167438951172288,0.23433461848680734,EBA
74,03,sus,unsmoothed,0.22944004185803193,0.25887439624812586,EVC
75,03,sus,sm_2_vox,0.2539542689536131,0.26324446334526214,visually_responsive_voxels
76,03,sus,sm_2_vox,0.5666257283338644,0.4971999892817341,FFA
77,03,sus,sm_2_vox,0.35110353581483544,0.31851459497110285,PPA
78,03,sus,sm_2_vox,0.4192546558483038,0.3898958545831983,EBA
79,03,sus,sm_2_vox,0.41786958555377285,0.3847093661853067,EVC
80,03,er,unsmoothed,0.0,0.17592766787644845,visually_responsive_voxels
81,03,er,unsmoothed,0.23286602731655692,0.2463283777573081,FFA
82,03,er,unsmoothed,0.0,0.16591405480817298,PPA
83,03,er,unsmoothed,0.18447129087330844,0.2193220802833722,EBA
84,03,er,unsmoothed,0.0,0.19604120782074988,EVC
85,03,er,sm_2_vox,0.20812163160551667,0.23400697733945627,visually_responsive_voxels
86,03,er,sm_2_vox,0.5623738041737457,0.48943105430349554,FFA
87,03,er,sm_2_vox,0.2810328402886183,0.28007835541082776,PPA
88,03,er,sm_2_vox,0.378195200330269,0.3353535681876283,EBA
89,03,er,sm_2_vox,0.2751956102227637,0.27306775533871674,EVC
90,04,miniblock,unsmoothed,0.22501966678381052,0.25086903368848695,visually_responsive_voxels
91,04,miniblock,unsmoothed,0.49420563679738017,0.40768538853920805,FFA
92,04,miniblock,unsmoothed,0.1596154621460349,0.2541271610329869,PPA
93,04,miniblock,unsmoothed,0.3906369160306361,0.3464078526928752,EBA
94,04,miniblock,unsmoothed,0.3150834824423964,0.30647153545478883,EVC
95,04,miniblock,sm_2_vox,0.25186512348752577,0.27825611540515766,visually_responsive_voxels
96,04,miniblock,sm_2_vox,0.7332042451217025,0.6466918676435567,FFA
97,04,miniblock,sm_2_vox,0.31727349142605904,0.2980378926251292,PPA
98,04,miniblock,sm_2_vox,0.5182962577326768,0.44807014246423643,EBA
99,04,miniblock,sm_2_vox,0.3736611902916931,0.36260500817204366,EVC
100,04,sus,unsmoothed,0.28136549063226335,0.2731470965475337,visually_responsive_voxels
101,04,sus,unsmoothed,0.5068712472317392,0.4495028413784231,FFA
102,04,sus,unsmoothed,0.039961529528825146,0.19415138472204244,PPA
103,04,sus,unsmoothed,0.4112882204985389,0.3695785248538251,EBA
104,04,sus,unsmoothed,0.34149603853018073,0.3109542383045338,EVC
105,04,sus,sm_2_vox,0.33707959319740965,0.3087613430517119,visually_responsive_voxels
106,04,sus,sm_2_vox,0.77187475344351,0.7204373173869549,FFA
107,04,sus,sm_2_vox,0.38591226160348824,0.3262619257685155,PPA
108,04,sus,sm_2_vox,0.5722326023320098,0.5126962844032454,EBA
109,04,sus,sm_2_vox,0.44640427818891176,0.39612840703763785,EVC
110,04,er,unsmoothed,0.12261489464243043,0.20701377303923893,visually_responsive_voxels
111,04,er,unsmoothed,0.239432934513873,0.2521707144651526,FFA
112,04,er,unsmoothed,0.3028287519238989,0.24339867171931542,PPA
113,04,er,unsmoothed,0.16570548973131308,0.2192253760276563,EBA
114,04,er,unsmoothed,0.17087466838059254,0.22348961314251448,EVC
115,04,er,sm_2_vox,0.2523849488808356,0.2543690624389733,visually_responsive_voxels
116,04,er,sm_2_vox,0.5383466001363908,0.4687434296220946,FFA
117,04,er,sm_2_vox,0.39449611320016353,0.32704360297445606,PPA
118,04,er,sm_2_vox,0.4113024181677287,0.35320287664731637,EBA
119,04,er,sm_2_vox,0.39866474078635117,0.3387698923489947,EVC
120,05,miniblock,unsmoothed,0.1828766691522555,0.23882057781292795,visually_responsive_voxels
121,05,miniblock,unsmoothed,0.5631900638286761,0.4824458300091622,FFA
122,05,miniblock,unsmoothed,0.18437244556635113,0.2237308974798846,PPA
123,05,miniblock,unsmoothed,0.320741517992729,0.30772149801208526,EBA
124,05,miniblock,unsmoothed,0.33738276685143853,0.3248855465220489,EVC
125,05,miniblock,sm_2_vox,0.3446324232024619,0.3373526141377458,visually_responsive_voxels
126,05,miniblock,sm_2_vox,0.8309870581559067,0.7615180183803284,FFA
127,05,miniblock,sm_2_vox,0.3903022262414205,0.33253353452559203,PPA
128,05,miniblock,sm_2_vox,0.6740906125062569,0.6065976918638539,EBA
129,05,miniblock,sm_2_vox,0.5316747981112825,0.47623482894584146,EVC
130,05,sus,unsmoothed,0.28071078981805464,0.2783358238655544,visually_responsive_voxels
131,05,sus,unsmoothed,0.5309562540473851,0.47003989384752354,FFA
132,05,sus,unsmoothed,0.07559131145200962,0.21664712187081114,PPA
133,05,sus,unsmoothed,0.40391425730753383,0.36355212116944163,EBA
134,05,sus,unsmoothed,0.4048743268229231,0.3668688225551984,EVC
135,05,sus,sm_2_vox,0.3783099647596259,0.34969362151975014,visually_responsive_voxels
136,05,sus,sm_2_vox,0.7729631507939395,0.6840776843139008,FFA
137,05,sus,sm_2_vox,0.0,0.21456410043284188,PPA
138,05,sus,sm_2_vox,0.6155319556916885,0.5494315996412734,EBA
139,05,sus,sm_2_vox,0.5279793857775126,0.4889713474887312,EVC
140,05,er,unsmoothed,0.0,0.19208252575348833,visually_responsive_voxels
141,05,er,unsmoothed,0.42262857549314925,0.3561969621218161,FFA
142,05,er,unsmoothed,0.22169393037972612,0.2335699277093684,PPA
143,05,er,unsmoothed,0.1623372266708536,0.223915098437621,EBA
144,05,er,unsmoothed,0.14842100904095432,0.2159283583431512,EVC
145,05,er,sm_2_vox,0.21152395580459293,0.24294175812362245,visually_responsive_voxels
146,05,er,sm_2_vox,0.6696256246587753,0.5961752372264397,FFA
147,05,er,sm_2_vox,0.3770347257755086,0.27778294983230745,PPA
148,05,er,sm_2_vox,0.4388158851374882,0.3856042281758894,EBA
149,05,er,sm_2_vox,0.3216031824106192,0.29885803131918715,EVC
150,06,miniblock,unsmoothed,0.15882941582493154,0.22416349392885426,visually_responsive_voxels
151,06,miniblock,unsmoothed,0.36693901430199743,0.34061312749891737,FFA
152,06,miniblock,unsmoothed,0.0,0.1809628128607582,PPA
153,06,miniblock,unsmoothed,0.2468961203994384,0.2687363182961362,EBA
154,06,miniblock,unsmoothed,0.3041451277364894,0.2942644753440618,EVC
155,06,miniblock,sm_2_vox,0.2746767764641411,0.28180413092446993,visually_responsive_voxels
156,06,miniblock,sm_2_vox,0.6950428213101221,0.6048073412701516,FFA
157,06,miniblock,sm_2_vox,0.0,0.1511607038781705,PPA
158,06,miniblock,sm_2_vox,0.46524227024986003,0.40488116605734076,EBA
159,06,miniblock,sm_2_vox,0.44082532790328716,0.39620732169248196,EVC
160,06,sus,unsmoothed,0.2651844118495367,0.26348001769527246,visually_responsive_voxels
161,06,sus,unsmoothed,0.49389512846878203,0.42480740658326266,FFA
162,06,sus,unsmoothed,0.1883913174256191,0.22037077953355447,PPA
163,06,sus,unsmoothed,0.3947581330504187,0.35329921879865667,EBA
164,06,sus,unsmoothed,0.3777936303609192,0.3393801462829397,EVC
165,06,sus,sm_2_vox,0.3220035139703438,0.3169698497349899,visually_responsive_voxels
166,06,sus,sm_2_vox,0.7866363899128783,0.7149201962406881,FFA
167,06,sus,sm_2_vox,0.2614399602284249,0.26419116296964745,PPA
168,06,sus,sm_2_vox,0.6225687601623836,0.5491736581096489,EBA
169,06,sus,sm_2_vox,0.514428457231564,0.46714175016692233,EVC
170,06,er,unsmoothed,0.23949403149580484,0.24661365426699228,visually_responsive_voxels
171,06,er,unsmoothed,0.3722212113577514,0.33404286185498105,FFA
172,06,er,unsmoothed,0.11448794438060111,0.20163224571162144,PPA
173,06,er,unsmoothed,0.2819707412349306,0.2647926143844484,EBA
174,06,er,unsmoothed,0.31622677064864174,0.2863131598013593,EVC
175,06,er,sm_2_vox,0.2488394592626892,0.2567623370731845,visually_responsive_voxels
176,06,er,sm_2_vox,0.5959295569914504,0.5064329710288707,FFA
177,06,er,sm_2_vox,0.0,0.13592932199166363,PPA
178,06,er,sm_2_vox,0.33836825805386067,0.3091534020775858,EBA
179,06,er,sm_2_vox,0.40143465538131134,0.35435975344346016,EVC
180,07,miniblock,unsmoothed,0.20886801071164063,0.24348325545258998,visually_responsive_voxels
181,07,miniblock,unsmoothed,0.4144485279435036,0.35900368187849435,FFA
182,07,miniblock,unsmoothed,0.244509391523734,0.2526111291182851,PPA
183,07,miniblock,unsmoothed,0.29821029844786207,0.286472190045547,EBA
184,07,miniblock,unsmoothed,0.3669352314099026,0.33982493511742606,EVC
185,07,miniblock,sm_2_vox,0.36958165168441287,0.3412878045401872,visually_responsive_voxels
186,07,miniblock,sm_2_vox,0.7520206505610267,0.6763541685440762,FFA
187,07,miniblock,sm_2_vox,0.5240309579955318,0.4300989988502035,PPA
188,07,miniblock,sm_2_vox,0.5258040013099049,0.48470474748698844,EBA
189,07,miniblock,sm_2_vox,0.5422603513676799,0.4927413921217771,EVC
190,07,sus,unsmoothed,0.21499244820499214,0.24589692638178964,visually_responsive_voxels
191,07,sus,unsmoothed,0.42902575166975243,0.3827859063122166,FFA
192,07,sus,unsmoothed,0.2283794621682896,0.2655607488355893,PPA
193,07,sus,unsmoothed,0.349977004716946,0.3141934359551154,EBA
194,07,sus,unsmoothed,0.3866431078441695,0.35635723153739995,EVC
195,07,sus,sm_2_vox,0.29995200389758164,0.2997420159616722,visually_responsive_voxels
196,07,sus,sm_2_vox,0.710492075632225,0.657497033775583,FFA
197,07,sus,sm_2_vox,0.5158835975615704,0.472967064839667,PPA
198,07,sus,sm_2_vox,0.5446390175973238,0.49301271082309395,EBA
199,07,sus,sm_2_vox,0.5193846836638395,0.47670389952373365,EVC
200,07,er,unsmoothed,0.16799306956460214,0.21620967852864126,visually_responsive_voxels
201,07,er,unsmoothed,0.38881704148782953,0.33308404134232883,FFA
202,07,er,unsmoothed,0.20276321314434304,0.2396456802061757,PPA
203,07,er,unsmoothed,0.24128949709304454,0.24376972453037168,EBA
204,07,er,unsmoothed,0.27109424505514934,0.2650222302456908,EVC
205,07,er,sm_2_vox,0.263829703767485,0.26478554748565375,visually_responsive_voxels
206,07,er,sm_2_vox,0.6717247057659588,0.6216601845404774,FFA
207,07,er,sm_2_vox,0.43306390554312796,0.3626469827064997,PPA
208,07,er,sm_2_vox,0.3760801990947391,0.34707822260661125,EBA
209,07,er,sm_2_vox,0.4015910117175197,0.3569622062068263,EVC
210,08,miniblock,unsmoothed,0.21571929629113584,0.25335732716692116,visually_responsive_voxels
211,08,miniblock,unsmoothed,0.5638945076043714,0.5119032688744958,FFA
212,08,miniblock,unsmoothed,0.23353858346160206,0.23514768151249302,PPA
213,08,miniblock,unsmoothed,0.4333492094931591,0.3882324118065713,EBA
214,08,miniblock,unsmoothed,0.3957002186388039,0.36402272493412163,EVC
215,08,miniblock,sm_2_vox,0.3428713039387658,0.3406637456535765,visually_responsive_voxels
216,08,miniblock,sm_2_vox,0.8402805976390352,0.8063672817519177,FFA
217,08,miniblock,sm_2_vox,0.45053381078306864,0.38193106354485074,PPA
218,08,miniblock,sm_2_vox,0.7035386762030424,0.6190692960304368,EBA
219,08,miniblock,sm_2_vox,0.6018699747283119,0.5393830218368671,EVC
220,08,sus,unsmoothed,0.24797194116999585,0.2611416053747165,visually_responsive_voxels
221,08,sus,unsmoothed,0.5137983180023277,0.46444975432867064,FFA
222,08,sus,unsmoothed,0.2959655824261438,0.2837938276135884,PPA
223,08,sus,unsmoothed,0.4093350551466764,0.35547989944626307,EBA
224,08,sus,unsmoothed,0.37680887375291877,0.34769666277102124,EVC
225,08,sus,sm_2_vox,0.35897432339891433,0.3449083912744472,visually_responsive_voxels
226,08,sus,sm_2_vox,0.7979477388217673,0.7516574041693739,FFA
227,08,sus,sm_2_vox,0.5567908899420804,0.48013354734660785,PPA
228,08,sus,sm_2_vox,0.674906074807844,0.6116857260165718,EBA
229,08,sus,sm_2_vox,0.5522294764931641,0.490571427068872,EVC
230,08,er,unsmoothed,0.22453916084004447,0.23349996295845568,visually_responsive_voxels
231,08,er,unsmoothed,0.394126290627128,0.35138424913260746,FFA
232,08,er,unsmoothed,0.2772750027957514,0.2591116769371397,PPA
233,08,er,unsmoothed,0.2652439167834332,0.2528157974764535,EBA
234,08,er,unsmoothed,0.27690244128941743,0.25962782166723164,EVC
235,08,er,sm_2_vox,0.21440596799762637,0.24194260029171502,visually_responsive_voxels
236,08,er,sm_2_vox,0.6623952022957054,0.6045904050082189,FFA
237,08,er,sm_2_vox,0.2824553719727941,0.2521446244623198,PPA
238,08,er,sm_2_vox,0.42701365063151714,0.364636202983961,EBA
239,08,er,sm_2_vox,0.32564090903412857,0.2956096107505189,EVC
240,10,miniblock,unsmoothed,0.2739656342619729,0.26644284729023626,visually_responsive_voxels
241,10,miniblock,unsmoothed,0.45218420459424596,0.40756325849945096,FFA
242,10,miniblock,unsmoothed,0.272761127005828,0.27686550696123413,PPA
243,10,miniblock,unsmoothed,0.3429388901740182,0.29279213572881596,EBA
244,10,miniblock,unsmoothed,0.34210235588187654,0.3206901534171043,EVC
245,10,miniblock,sm_2_vox,0.39805999447739404,0.3659004860114792,visually_responsive_voxels
246,10,miniblock,sm_2_vox,0.6885444983570452,0.6379205629299043,FFA
247,10,miniblock,sm_2_vox,0.5398167590820622,0.47971108406236723,PPA
248,10,miniblock,sm_2_vox,0.5494261996666719,0.4870789098813515,EBA
249,10,miniblock,sm_2_vox,0.5124326081170751,0.47538682377764385,EVC
250,10,sus,unsmoothed,0.048355424210505656,0.21005478771098532,visually_responsive_voxels
251,10,sus,unsmoothed,0.24287193691689082,0.25493783221649735,FFA
252,10,sus,unsmoothed,0.21282306122566774,0.23947204990321214,PPA
253,10,sus,unsmoothed,0.0,0.18442997401889222,EBA
254,10,sus,unsmoothed,0.2890503863143072,0.3021611735274845,EVC
255,10,sus,sm_2_vox,0.34932798328110354,0.33495200611973264,visually_responsive_voxels
256,10,sus,sm_2_vox,0.6144758422752734,0.5424269994457587,FFA
257,10,sus,sm_2_vox,0.46628593878910807,0.4242741806654082,PPA
258,10,sus,sm_2_vox,0.3882929170744918,0.34060987090893774,EBA
259,10,sus,sm_2_vox,0.5143574841709629,0.4834668950045072,EVC
260,10,er,unsmoothed,0.1906580658092457,0.22523583433230993,visually_responsive_voxels
261,10,er,unsmoothed,0.3485344070738395,0.31620986448688626,FFA
262,10,er,unsmoothed,0.25475963760016906,0.24380879704779332,PPA
263,10,er,unsmoothed,0.3125601455918764,0.2783842581773868,EBA
264,10,er,unsmoothed,0.2662458572712344,0.25692781096769673,EVC
265,10,er,sm_2_vox,0.35884154607054175,0.3160946098061561,visually_responsive_voxels
266,10,er,sm_2_vox,0.6506248979916442,0.5668559700141859,FFA
267,10,er,sm_2_vox,0.3900854657866918,0.336106801698165,PPA
268,10,er,sm_2_vox,0.5385896755524966,0.48183009949077155,EBA
269,10,er,sm_2_vox,0.4273764094448954,0.37120147344909904,EVC
270,11,miniblock,unsmoothed,0.2190607466276861,0.25975460621042434,visually_responsive_voxels
271,11,miniblock,unsmoothed,0.5039036550531011,0.4525544078394673,FFA
272,11,miniblock,unsmoothed,0.32555795224912965,0.3026951097560454,PPA
273,11,miniblock,unsmoothed,0.35896657705187934,0.3349758418714823,EBA
274,11,miniblock,unsmoothed,0.35783108817234455,0.3454677287627766,EVC
275,11,miniblock,sm_2_vox,0.3357217079457982,0.3376853428250784,visually_responsive_voxels
276,11,miniblock,sm_2_vox,0.8363317553708363,0.770645575311999,FFA
277,11,miniblock,sm_2_vox,0.4970791806602298,0.44403671824758684,PPA
278,11,miniblock,sm_2_vox,0.5612828654134192,0.5205584639283211,EBA
279,11,miniblock,sm_2_vox,0.554962913202893,0.46852045240933204,EVC
280,11,sus,unsmoothed,0.3093448733752141,0.2888149898861537,visually_responsive_voxels
281,11,sus,unsmoothed,0.47398819180405577,0.4345296914736904,FFA
282,11,sus,unsmoothed,0.2629027905596002,0.24150978385588073,PPA
283,11,sus,unsmoothed,0.4525844367691367,0.3998632909894595,EBA
284,11,sus,unsmoothed,0.42614347893922927,0.3795584239979753,EVC
285,11,sus,sm_2_vox,0.3504576506107414,0.3383509429738307,visually_responsive_voxels
286,11,sus,sm_2_vox,0.828667293557369,0.7510212753055598,FFA
287,11,sus,sm_2_vox,0.3917906231814905,0.33861862462822995,PPA
288,11,sus,sm_2_vox,0.60014006153379,0.5675746617003622,EBA
289,11,sus,sm_2_vox,0.4858928164285885,0.4371374021765546,EVC
290,11,er,unsmoothed,0.23116785567566345,0.24504117942403814,visually_responsive_voxels
291,11,er,unsmoothed,0.34419723948023456,0.3415804513535105,FFA
292,11,er,unsmoothed,0.25041735789710096,0.24445177606587196,PPA
293,11,er,unsmoothed,0.29831749801564467,0.27745904785060804,EBA
294,11,er,unsmoothed,0.3531168418598516,0.31441175334098287,EVC
295,11,er,sm_2_vox,0.34167008563171175,0.31464515450019503,visually_responsive_voxels
296,11,er,sm_2_vox,0.6656193108312434,0.5974939039459127,FFA
297,11,er,sm_2_vox,0.4320607829760893,0.3623954165124443,PPA
298,11,er,sm_2_vox,0.4723681831718455,0.4010619139211787,EBA
299,11,er,sm_2_vox,0.5193829537279238,0.46659550374567466,EVC
300,12,miniblock,unsmoothed,0.2504200787882118,0.26952056172632927,visually_responsive_voxels
301,12,miniblock,unsmoothed,0.6081259411353535,0.5383774384603841,FFA
302,12,miniblock,unsmoothed,0.36069319307945347,0.28366785388359367,PPA
303,12,miniblock,unsmoothed,0.43583030311123416,0.3942018748895056,EBA
304,12,miniblock,unsmoothed,0.3829841521578785,0.35986462836670197,EVC
305,12,miniblock,sm_2_vox,0.36858203744385665,0.3532905021995645,visually_responsive_voxels
306,12,miniblock,sm_2_vox,0.8471763055963932,0.7887346508940732,FFA
307,12,miniblock,sm_2_vox,0.5175610758807037,0.4870789251841066,PPA
308,12,miniblock,sm_2_vox,0.6538541029948274,0.6095239073785388,EBA
309,12,miniblock,sm_2_vox,0.5758118759148525,0.5155324370421389,EVC
310,12,sus,unsmoothed,0.2695150143380075,0.27745899783021716,visually_responsive_voxels
311,12,sus,unsmoothed,0.602079524530952,0.5172607935685214,FFA
312,12,sus,unsmoothed,0.27307664541583027,0.25657701274628203,PPA
313,12,sus,unsmoothed,0.41384669509234273,0.3786718711636078,EBA
314,12,sus,unsmoothed,0.4230276870125149,0.38329844580720773,EVC
315,12,sus,sm_2_vox,0.33108295266534576,0.3363101431288302,visually_responsive_voxels
316,12,sus,sm_2_vox,0.8612976466832223,0.7978390909401231,FFA
317,12,sus,sm_2_vox,0.4852541027564422,0.3969228738855889,PPA
318,12,sus,sm_2_vox,0.6111637054079928,0.5529880348774366,EBA
319,12,sus,sm_2_vox,0.5679480441123156,0.49719699911228354,EVC
320,12,er,unsmoothed,0.19180043982724734,0.2230597996850632,visually_responsive_voxels
321,12,er,unsmoothed,0.44974722974438625,0.39157210436669293,FFA
322,12,er,unsmoothed,0.28190987640747384,0.26718344070952876,PPA
323,12,er,unsmoothed,0.284500519825779,0.26863159819474913,EBA
324,12,er,unsmoothed,0.22292540971722283,0.23816868498055385,EVC
325,12,er,sm_2_vox,0.24779082330877575,0.2596548842026692,visually_responsive_voxels
326,12,er,sm_2_vox,0.7025292688845466,0.6459123876507604,FFA
327,12,er,sm_2_vox,0.42594381116129015,0.3845258926208058,PPA
328,12,er,sm_2_vox,0.44223030956409565,0.3945503037463609,EBA
329,12,er,sm_2_vox,0.35188408970369933,0.3217463043872853,EVC
330,13,miniblock,unsmoothed,0.15121116373342325,0.21707918167984225,visually_responsive_voxels
331,13,miniblock,unsmoothed,0.3454640691041474,0.3247539688059888,FFA
332,13,miniblock,unsmoothed,0.29628953060144664,0.2812158916422805,PPA
333,13,miniblock,unsmoothed,0.3213838629687725,0.29559340904344866,EBA
334,13,miniblock,unsmoothed,0.22006743308903848,0.2513388595144742,EVC
335,13,miniblock,sm_2_vox,0.3222087014120641,0.30441799042699946,visually_responsive_voxels
336,13,miniblock,sm_2_vox,0.7269146007479218,0.6754873529859932,FFA
337,13,miniblock,sm_2_vox,0.6483193680418321,0.5272597700069176,PPA
338,13,miniblock,sm_2_vox,0.5951720222063444,0.5217017759887447,EBA
339,13,miniblock,sm_2_vox,0.4153716022361532,0.3783516845552325,EVC
340,13,sus,unsmoothed,0.0,0.15692071122058265,visually_responsive_voxels
341,13,sus,unsmoothed,0.2715288834388157,0.2715739825656602,FFA
342,13,sus,unsmoothed,0.22497587337389188,0.2331504658709266,PPA
343,13,sus,unsmoothed,0.12711147755529362,0.20290844035969782,EBA
344,13,sus,unsmoothed,0.0,0.177520843081743,EVC
345,13,sus,sm_2_vox,0.17169515214680203,0.22910606040500098,visually_responsive_voxels
346,13,sus,sm_2_vox,0.6319862673829066,0.5612690360028781,FFA
347,13,sus,sm_2_vox,0.5430222870639217,0.45558324088169533,PPA
348,13,sus,sm_2_vox,0.44596743223183694,0.39691849983077576,EBA
349,13,sus,sm_2_vox,0.28130187542190405,0.27910081336702447,EVC
350,13,er,unsmoothed,0.11752381901618611,0.200999081209125,visually_responsive_voxels
351,13,er,unsmoothed,0.40667700982404714,0.35458379733070877,FFA
352,13,er,unsmoothed,0.24652386110477828,0.254259125825617,PPA
353,13,er,unsmoothed,0.252856314419611,0.24882531141742092,EBA
354,13,er,unsmoothed,0.20514036910761915,0.22825397589854737,EVC
355,13,er,sm_2_vox,0.20582341399321805,0.23436335926324126,visually_responsive_voxels
356,13,er,sm_2_vox,0.6679034302752174,0.6186731249406605,FFA
357,13,er,sm_2_vox,0.4963371880923096,0.43580212644284577,PPA
358,13,er,sm_2_vox,0.3973746024655118,0.34582456576415505,EBA
359,13,er,sm_2_vox,0.3231145700798549,0.29635898065894606,EVC
360,14,miniblock,unsmoothed,0.31744773684511857,0.2973663720227713,visually_responsive_voxels
361,14,miniblock,unsmoothed,0.4176849155219574,0.37753700058305545,FFA
362,14,miniblock,unsmoothed,0.20751876274031036,0.24947541790668654,PPA
363,14,miniblock,unsmoothed,0.38100228965824917,0.3411475905881292,EBA
364,14,miniblock,unsmoothed,0.39572548699974275,0.3516758908793642,EVC
365,14,miniblock,sm_2_vox,0.390053092357641,0.3607186782906926,visually_responsive_voxels
366,14,miniblock,sm_2_vox,0.6359495135565174,0.5731597181157887,FFA
367,14,miniblock,sm_2_vox,0.5325780917562637,0.45179706338353837,PPA
368,14,miniblock,sm_2_vox,0.5585143670148223,0.498901512702135,EBA
369,14,miniblock,sm_2_vox,0.570730429313983,0.4970912327128143,EVC
370,14,sus,unsmoothed,0.2597774489882032,0.25440999086971533,visually_responsive_voxels
371,14,sus,unsmoothed,0.4346520717730199,0.37325205818459467,FFA
372,14,sus,unsmoothed,0.3068861887537285,0.2660789985330274,PPA
373,14,sus,unsmoothed,0.3393332650894329,0.30600171336936677,EBA
374,14,sus,unsmoothed,0.3437096593075173,0.30409380751639914,EVC
375,14,sus,sm_2_vox,0.3469508752950191,0.30570247787972876,visually_responsive_voxels
376,14,sus,sm_2_vox,0.5622815576183622,0.5148125448077532,FFA
377,14,sus,sm_2_vox,0.45308272587362236,0.37557147537746277,PPA
378,14,sus,sm_2_vox,0.4749200995977999,0.40701299140935127,EBA
379,14,sus,sm_2_vox,0.4784575087839504,0.4066855685701348,EVC
380,14,er,unsmoothed,0.07467161352881108,0.20023354233764323,visually_responsive_voxels
381,14,er,unsmoothed,0.3057592793591273,0.28424566398878387,FFA
382,14,er,unsmoothed,0.30037778472062293,0.26861855187845146,PPA
383,14,er,unsmoothed,0.18471173553683118,0.22300175429432167,EBA
384,14,er,unsmoothed,0.12341550738063799,0.20703427705510524,EVC
385,14,er,sm_2_vox,0.33294416763786905,0.29283122235383324,visually_responsive_voxels
386,14,er,sm_2_vox,0.6458439072293125,0.5718311386592716,FFA
387,14,er,sm_2_vox,0.3610758287117904,0.31041623986156175,PPA
388,14,er,sm_2_vox,0.4324947882400897,0.3693702725770205,EBA
389,14,er,sm_2_vox,0.36747453984477235,0.3114902483460536,EVC
390,15,miniblock,unsmoothed,0.21660919462891168,0.2615849750965499,visually_responsive_voxels
391,15,miniblock,unsmoothed,0.6342777019162014,0.5361761408913723,FFA
392,15,miniblock,unsmoothed,0.34747075414894324,0.2999352744246595,PPA
393,15,miniblock,unsmoothed,0.3588125681890365,0.3304855909926366,EBA
394,15,miniblock,unsmoothed,0.4133510107579541,0.3911585784384422,EVC
395,15,miniblock,sm_2_vox,0.3809400675620228,0.3711783034898797,visually_responsive_voxels
396,15,miniblock,sm_2_vox,0.8718220104107689,0.7967609101850165,FFA
397,15,miniblock,sm_2_vox,0.3898971716047248,0.35242844453630795,PPA
398,15,miniblock,sm_2_vox,0.603986909201001,0.5410970594860792,EBA
399,15,miniblock,sm_2_vox,0.6139878886373662,0.5624660053468666,EVC
400,15,sus,unsmoothed,0.2479414482124434,0.2646594205418282,visually_responsive_voxels
401,15,sus,unsmoothed,0.5429937189870354,0.49259451041118496,FFA
402,15,sus,unsmoothed,0.19001676051410857,0.24289961243799718,PPA
403,15,sus,unsmoothed,0.33050404743231265,0.30730540214650565,EBA
404,15,sus,unsmoothed,0.4303340893071157,0.4036247709791881,EVC
405,15,sus,sm_2_vox,0.3319034979440282,0.3374153949534956,visually_responsive_voxels
406,15,sus,sm_2_vox,0.8423779631723033,0.7788299408099055,FFA
407,15,sus,sm_2_vox,0.45163365106354075,0.4125969820105676,PPA
408,15,sus,sm_2_vox,0.5626474286368529,0.49629150137172595,EBA
409,15,sus,sm_2_vox,0.6661446397279146,0.6064548595750534,EVC
410,15,er,unsmoothed,0.20202689725476516,0.22893167351422208,visually_responsive_voxels
411,15,er,unsmoothed,0.3308344966837243,0.3049406568985885,FFA
412,15,er,unsmoothed,0.21144417781398767,0.23708559444329724,PPA
413,15,er,unsmoothed,0.2828451890387017,0.2660527651356152,EBA
414,15,er,unsmoothed,0.30089654303534963,0.280975476787291,EVC
415,15,er,sm_2_vox,0.22392613933347044,0.2497318813611378,visually_responsive_voxels
416,15,er,sm_2_vox,0.6135806514393962,0.5429616681659666,FFA
417,15,er,sm_2_vox,0.4127775461676451,0.3320861923839666,PPA
418,15,er,sm_2_vox,0.4095588006272687,0.34820651860105817,EBA
419,15,er,sm_2_vox,0.4146612152960984,0.3788280377970443,EVC
420,17,miniblock,unsmoothed,0.18690386131826547,0.23086304654847756,visually_responsive_voxels
421,17,miniblock,unsmoothed,0.419854862407616,0.3753861283504103,FFA
422,17,miniblock,unsmoothed,0.0,0.19271471457083128,PPA
423,17,miniblock,unsmoothed,0.19705692773152067,0.2380372254745269,EBA
424,17,miniblock,unsmoothed,0.29307057027675004,0.2863512254293293,EVC
425,17,miniblock,sm_2_vox,0.21924489498419142,0.27386884992798377,visually_responsive_voxels
426,17,miniblock,sm_2_vox,0.6511688022582373,0.5823926612951005,FFA
427,17,miniblock,sm_2_vox,0.134817810934628,0.23785132772584697,PPA
428,17,miniblock,sm_2_vox,0.2983202669095064,0.31094869150045723,EBA
429,17,miniblock,sm_2_vox,0.5091468156585053,0.44856838709027624,EVC
430,17,sus,unsmoothed,0.07749473384694264,0.19947971200586292,visually_responsive_voxels
431,17,sus,unsmoothed,0.32128742761818346,0.28540041271843897,FFA
432,17,sus,unsmoothed,0.0,0.1725210975853359,PPA
433,17,sus,unsmoothed,0.0,0.182619728302397,EBA
434,17,sus,unsmoothed,0.26492303509937787,0.258290210445812,EVC
435,17,sus,sm_2_vox,0.0,0.1930822176921314,visually_responsive_voxels
436,17,sus,sm_2_vox,0.39340867736225404,0.357071677563532,FFA
437,17,sus,sm_2_vox,0.0,0.1686059552454721,PPA
438,17,sus,sm_2_vox,0.0,0.15213868659458543,EBA
439,17,sus,sm_2_vox,0.35563105024100716,0.31446618160263384,EVC
440,17,er,unsmoothed,0.011580202221683395,0.19274612183715928,visually_responsive_voxels
441,17,er,unsmoothed,0.29225757675186836,0.2785012202181553,FFA
442,17,er,unsmoothed,0.11423130518953475,0.20035808594019913,PPA
443,17,er,unsmoothed,0.15801301243936916,0.2174259681537388,EBA
444,17,er,unsmoothed,0.1176594770291441,0.2092356654704915,EVC
445,17,er,sm_2_vox,0.18020771470837244,0.22372090469042416,visually_responsive_voxels
446,17,er,sm_2_vox,0.5000231470019728,0.43871164693640535,FFA
447,17,er,sm_2_vox,0.1252384692074503,0.21447984480700288,PPA
448,17,er,sm_2_vox,0.2969358262020362,0.2790879642484625,EBA
449,17,er,sm_2_vox,0.24486889860044186,0.26056461561544325,EVC
450,18,miniblock,unsmoothed,0.24995222957110055,0.2676181901251302,visually_responsive_voxels
451,18,miniblock,unsmoothed,0.432859602561134,0.3918682159405596,FFA
452,18,miniblock,unsmoothed,0.286117370108373,0.26227723410797504,PPA
453,18,miniblock,unsmoothed,0.36384157162479525,0.34029844818925364,EBA
454,18,miniblock,unsmoothed,0.395669533873948,0.3688100164871793,EVC
455,18,miniblock,sm_2_vox,0.3955194132330955,0.3756875909413922,visually_responsive_voxels
456,18,miniblock,sm_2_vox,0.7668912991916724,0.686534569583919,FFA
457,18,miniblock,sm_2_vox,0.41151769172804253,0.35599875527423147,PPA
458,18,miniblock,sm_2_vox,0.6395953235853975,0.5506903620145285,EBA
459,18,miniblock,sm_2_vox,0.6295217665359008,0.5559276997765589,EVC
460,18,sus,unsmoothed,0.31051237957912164,0.2960734055108531,visually_responsive_voxels
461,18,sus,unsmoothed,0.48235201170951203,0.4402281590892358,FFA
462,18,sus,unsmoothed,0.2731431347894333,0.28413556099173337,PPA
463,18,sus,unsmoothed,0.3848998794921054,0.3520823882149291,EBA
464,18,sus,unsmoothed,0.4230113807253076,0.3872294017378855,EVC
465,18,sus,sm_2_vox,0.4042274653213432,0.38235758772268136,visually_responsive_voxels
466,18,sus,sm_2_vox,0.8121682311363077,0.7287907450761245,FFA
467,18,sus,sm_2_vox,0.4552523365980976,0.40379416337695756,PPA
468,18,sus,sm_2_vox,0.6341002044315436,0.5317362071837541,EBA
469,18,sus,sm_2_vox,0.6394679510985218,0.5352125815444518,EVC
470,18,er,unsmoothed,0.2518826477866054,0.2478753906466039,visually_responsive_voxels
471,18,er,unsmoothed,0.3740017858061729,0.32532624998464704,FFA
472,18,er,unsmoothed,0.2181063077442511,0.22854676809005633,PPA
473,18,er,unsmoothed,0.30135966495112565,0.2727921374951961,EBA
474,18,er,unsmoothed,0.3063001345599786,0.2769938426572721,EVC
475,18,er,sm_2_vox,0.31979498834614034,0.28932425540288864,visually_responsive_voxels
476,18,er,sm_2_vox,0.6431078322773497,0.602432780016847,FFA
477,18,er,sm_2_vox,0.36641610869387276,0.3275598199265972,PPA
478,18,er,sm_2_vox,0.41748399504550154,0.3631110855297774,EBA
479,18,er,sm_2_vox,0.42135473952179187,0.36151229487398817,EVC
480,19,miniblock,unsmoothed,0.22235339486365394,0.23602929216557653,visually_responsive_voxels
481,19,miniblock,unsmoothed,0.4219615559076133,0.3408662496865856,FFA
482,19,miniblock,unsmoothed,0.0,0.0,PPA
483,19,miniblock,unsmoothed,0.3090710793740358,0.27728050246393876,EBA
484,19,miniblock,unsmoothed,0.2957929788595717,0.2798411501573333,EVC
485,19,miniblock,sm_2_vox,0.19895204015318593,0.234753330817245,visually_responsive_voxels
486,19,miniblock,sm_2_vox,0.6726414720071451,0.5716981614702702,FFA
487,19,miniblock,sm_2_vox,0.3774301412365961,0.37504183232031135,PPA
488,19,miniblock,sm_2_vox,0.36296271135487357,0.3209889200041644,EBA
489,19,miniblock,sm_2_vox,0.39407404156542863,0.3499984533442616,EVC
490,19,sus,unsmoothed,0.19908894196259683,0.23599403418098452,visually_responsive_voxels
491,19,sus,unsmoothed,0.3147681623036019,0.3140849230780231,FFA
492,19,sus,unsmoothed,0.5002463894648675,0.4048167077244998,PPA
493,19,sus,unsmoothed,0.2986589565255689,0.27530124367877257,EBA
494,19,sus,unsmoothed,0.33114989748109996,0.302257430702372,EVC
495,19,sus,sm_2_vox,0.2626093760715766,0.2761067515851761,visually_responsive_voxels
496,19,sus,sm_2_vox,0.6503687932944012,0.5228959863015037,FFA
497,19,sus,sm_2_vox,0.417274274254525,0.3589916470230813,PPA
498,19,sus,sm_2_vox,0.4391643994804074,0.3713065142301416,EBA
499,19,sus,sm_2_vox,0.47060279525498505,0.4130164362379841,EVC
500,19,er,unsmoothed,0.20687728095826252,0.23265138493225415,visually_responsive_voxels
501,19,er,unsmoothed,0.31179535280605486,0.2660753818035261,FFA
502,19,er,unsmoothed,0.3232423551083554,0.30511610456141025,PPA
503,19,er,unsmoothed,0.28680514548598407,0.26336480229094694,EBA
504,19,er,unsmoothed,0.3038070444297808,0.2776444652688674,EVC
505,19,er,sm_2_vox,0.31230864901043337,0.28733925184362785,visually_responsive_voxels
506,19,er,sm_2_vox,0.5091396739098689,0.4148463790759784,FFA
507,19,er,sm_2_vox,0.25818470556534495,0.256137865774445,PPA
508,19,er,sm_2_vox,0.41319883536907276,0.3524863364536855,EBA
509,19,er,sm_2_vox,0.4422679836813548,0.37874914020835787,EVC
510,20,miniblock,unsmoothed,0.23631224245974908,0.25854419522793864,visually_responsive_voxels
511,20,miniblock,unsmoothed,0.30234276297496177,0.29908276596433964,FFA
512,20,miniblock,unsmoothed,0.28784138091499734,0.2827407738269067,PPA
513,20,miniblock,unsmoothed,0.21407193938364744,0.2595267221944669,EBA
514,20,miniblock,unsmoothed,0.3274311177481639,0.3166208658541303,EVC
515,20,miniblock,sm_2_vox,0.25448005334883383,0.28325688022972195,visually_responsive_voxels
516,20,miniblock,sm_2_vox,0.4766453723304166,0.4126320669395604,FFA
517,20,miniblock,sm_2_vox,0.4519153539171379,0.41424729592157106,PPA
518,20,miniblock,sm_2_vox,0.22766899355925235,0.2948391215584185,EBA
519,20,miniblock,sm_2_vox,0.4047356676637779,0.3820227594598291,EVC
520,20,sus,unsmoothed,0.12086032264889163,0.22546900014789054,visually_responsive_voxels
521,20,sus,unsmoothed,0.25320738679682964,0.27513613126506137,FFA
522,20,sus,unsmoothed,0.0813446321771391,0.2010870363937089,PPA
523,20,sus,unsmoothed,0.22853976438012377,0.2555025295727808,EBA
524,20,sus,unsmoothed,0.29811603700381145,0.29525396257319186,EVC
525,20,sus,sm_2_vox,0.22723754969946747,0.2775590710145012,visually_responsive_voxels
526,20,sus,sm_2_vox,0.46698563497558115,0.38879382835444637,FFA
527,20,sus,sm_2_vox,0.4866064215309131,0.40378040610516647,PPA
528,20,sus,sm_2_vox,0.4398682935472328,0.40155240379241214,EBA
529,20,sus,sm_2_vox,0.4341956279093649,0.39559719259825765,EVC
530,20,er,unsmoothed,0.0,0.1814274523340341,visually_responsive_voxels
531,20,er,unsmoothed,0.2604583536840202,0.2573975778525033,FFA
532,20,er,unsmoothed,0.05533396340979049,0.17835004561269077,PPA
533,20,er,unsmoothed,0.0,0.18985941437106338,EBA
534,20,er,unsmoothed,0.13048845357302202,0.21473655036906142,EVC
535,20,er,sm_2_vox,0.0,0.20264885749131875,visually_responsive_voxels
536,20,er,sm_2_vox,0.20465392906476926,0.24188631866387306,FFA
537,20,er,sm_2_vox,0.2874920741806352,0.2487366769395175,PPA
538,20,er,sm_2_vox,0.34760056027050906,0.3219188366845338,EBA
539,20,er,sm_2_vox,0.1581189185774068,0.24457139574941142,EVC
540,21,miniblock,unsmoothed,0.2232596577553418,0.24584748445921026,visually_responsive_voxels
541,21,miniblock,unsmoothed,0.4058498753366605,0.36253732142470896,FFA
542,21,miniblock,unsmoothed,0.0,0.1766100570379428,PPA
543,21,miniblock,unsmoothed,0.3748057343784215,0.3398759838272503,EBA
544,21,miniblock,unsmoothed,0.31022590402171263,0.30127362701999266,EVC
545,21,miniblock,sm_2_vox,0.35469117493378394,0.3334830553290803,visually_responsive_voxels
546,21,miniblock,sm_2_vox,0.6226113312259348,0.5783617628957343,FFA
547,21,miniblock,sm_2_vox,0.284141395670393,0.24863793229839945,PPA
548,21,miniblock,sm_2_vox,0.5738780901617496,0.5126511618531171,EBA
549,21,miniblock,sm_2_vox,0.5136299198771654,0.46796654341792765,EVC
550,21,sus,unsmoothed,0.2640401205072328,0.2697575786949511,visually_responsive_voxels
551,21,sus,unsmoothed,0.45593667743809785,0.41391137657998217,FFA
552,21,sus,unsmoothed,0.0,0.17278826868283065,PPA
553,21,sus,unsmoothed,0.40136654161082924,0.36420361759784675,EBA
554,21,sus,unsmoothed,0.36507489932203163,0.3335438463525629,EVC
555,21,sus,sm_2_vox,0.3860353945500996,0.3644673495614699,visually_responsive_voxels
556,21,sus,sm_2_vox,0.7880797990388675,0.7267301625587385,FFA
557,21,sus,sm_2_vox,0.20742859932507138,0.23392260710340404,PPA
558,21,sus,sm_2_vox,0.6540194156912359,0.5762022773389877,EBA
559,21,sus,sm_2_vox,0.5723561405782633,0.5094220298768585,EVC
560,21,er,unsmoothed,0.10646902854671061,0.20357673683168803,visually_responsive_voxels
561,21,er,unsmoothed,0.3806267822207755,0.332734636795827,FFA
562,21,er,unsmoothed,0.16755523940681954,0.1895255869226094,PPA
563,21,er,unsmoothed,0.2458349642392457,0.2505583638021005,EBA
564,21,er,unsmoothed,0.1757312440919135,0.2227375716924493,EVC
565,21,er,sm_2_vox,0.31992003389905377,0.3004269777283693,visually_responsive_voxels
566,21,er,sm_2_vox,0.6759146705475939,0.6083739369882678,FFA
567,21,er,sm_2_vox,0.0,0.15347569696983016,PPA
568,21,er,sm_2_vox,0.5342551018283193,0.47941262340540414,EBA
569,21,er,sm_2_vox,0.45824934111011084,0.39836436630021427,EVC
570,22,miniblock,unsmoothed,0.3085795381160765,0.307179613384072,visually_responsive_voxels
571,22,miniblock,unsmoothed,0.5310795493447856,0.48418860602589636,FFA
572,22,miniblock,unsmoothed,0.3154240650937204,0.2918344345563324,PPA
573,22,miniblock,unsmoothed,0.3161140237449321,0.3039398331599621,EBA
574,22,miniblock,unsmoothed,0.4716058358741507,0.4341722866003168,EVC
575,22,miniblock,sm_2_vox,0.4430318791478358,0.4164169823124289,visually_responsive_voxels
576,22,miniblock,sm_2_vox,0.8375443158881364,0.7672476416409476,FFA
577,22,miniblock,sm_2_vox,0.4997868774287466,0.43136331113832727,PPA
578,22,miniblock,sm_2_vox,0.5009358413692435,0.4709971854937825,EBA
579,22,miniblock,sm_2_vox,0.7144513750334636,0.6446347509495466,EVC
580,22,sus,unsmoothed,0.29034342187083567,0.2948361011777996,visually_responsive_voxels
581,22,sus,unsmoothed,0.5503555743561381,0.49444127013886097,FFA
582,22,sus,unsmoothed,0.3531453950767691,0.3066463041078026,PPA
583,22,sus,unsmoothed,0.27780064723699516,0.27745315914515606,EBA
584,22,sus,unsmoothed,0.4622437243189387,0.4228264453879637,EVC
585,22,sus,sm_2_vox,0.31013647442054537,0.33923234859296,visually_responsive_voxels
586,22,sus,sm_2_vox,0.8399838421023824,0.7719544220004175,FFA
587,22,sus,sm_2_vox,0.5010712008327346,0.4344562621032818,PPA
588,22,sus,sm_2_vox,0.3771331523925263,0.3550418106157055,EBA
589,22,sus,sm_2_vox,0.6254033234678454,0.5344765622726415,EVC
590,22,er,unsmoothed,0.16498515099680747,0.21878748605924844,visually_responsive_voxels
591,22,er,unsmoothed,0.3809436907912509,0.33165805439273416,FFA
592,22,er,unsmoothed,0.2647633844545073,0.25547779067507814,PPA
593,22,er,unsmoothed,0.17453988767400358,0.22462499589830426,EBA
594,22,er,unsmoothed,0.25234066458318416,0.25600470879138515,EVC
595,22,er,sm_2_vox,0.33720175938593305,0.3144004601440825,visually_responsive_voxels
596,22,er,sm_2_vox,0.643525308612672,0.5813114814049121,FFA
597,22,er,sm_2_vox,0.47828428675931683,0.4176366034711961,PPA
598,22,er,sm_2_vox,0.3435099094713759,0.3248640769293522,EBA
599,22,er,sm_2_vox,0.4737946185161377,0.42341943969310525,EVC
