,ROI,runtype,component,value
0,FFA,sus,1,0.3474046637022118
1,FFA,sus,2,0.40391382136129683
2,FFA,sus,3,0.44510541055094494
3,FFA,sus,4,0.470812808143014
4,FFA,sus,5,0.49246251316120027
5,FFA,sus,6,0.511665879050603
6,FFA,sus,7,0.5268627166935774
7,FFA,sus,8,0.5396701716375168
8,FFA,sus,9,0.5499843831598479
9,FFA,sus,10,0.5590113265197644
10,FFA,sus,11,0.5669819058054345
11,FFA,sus,12,0.5743184355609408
12,FFA,sus,13,0.5806305378714962
13,FFA,sus,14,0.5869949877404992
14,FFA,sus,15,0.5925099155636461
15,FFA,sus,16,0.5981154056865935
16,FFA,sus,17,0.603328596808814
17,FFA,sus,18,0.6081621104740785
18,FFA,sus,19,0.6125268105532585
19,FFA,sus,20,0.6167293046999247
20,FFA,sus,21,0.6206882203941217
21,FFA,sus,22,0.6240756348829033
22,FFA,sus,23,0.6274209639438809
23,FFA,sus,24,0.6307392261182592
24,FFA,sus,25,0.6339301723273543
25,FFA,sus,26,0.6372043892061616
26,FFA,sus,27,0.6401535471313708
27,FFA,sus,28,0.6428407104780873
28,FFA,sus,29,0.6457024437079297
29,FFA,sus,30,0.648172890804905
30,FFA,sus,31,0.6505418527587804
31,FFA,sus,32,0.6529748065600656
32,FFA,sus,33,0.6551260911577053
33,FFA,sus,34,0.6572487866910522
34,FFA,sus,35,0.659320495011084
35,FFA,sus,36,0.6612128080309815
36,FFA,sus,37,0.6630925215624194
37,FFA,sus,38,0.6648980221829798
38,FFA,sus,39,0.6666537499858116
39,PPA,sus,1,0.27882129004258577
40,PPA,sus,2,0.3341280850924816
41,PPA,sus,3,0.3692521033462871
42,PPA,sus,4,0.3940704456222185
43,PPA,sus,5,0.41572610556673517
44,PPA,sus,6,0.4353810609317822
45,PPA,sus,7,0.45064203491305505
46,PPA,sus,8,0.464185622598113
47,PPA,sus,9,0.4768204222150957
48,PPA,sus,10,0.48795201267853816
49,PPA,sus,11,0.4983656880413306
50,PPA,sus,12,0.5077290452674946
51,PPA,sus,13,0.5167808877568815
52,PPA,sus,14,0.5239812869545597
53,PPA,sus,15,0.5319654300685334
54,PPA,sus,16,0.5383428140284179
55,PPA,sus,17,0.5446448879910367
56,PPA,sus,18,0.5510537353060474
57,PPA,sus,19,0.5563745553744905
58,PPA,sus,20,0.561056811721502
59,PPA,sus,21,0.5657243122797525
60,PPA,sus,22,0.5703610369701221
61,PPA,sus,23,0.5748368246734824
62,PPA,sus,24,0.5788530731413233
63,PPA,sus,25,0.5827420329371746
64,PPA,sus,26,0.5866463299523457
65,PPA,sus,27,0.5902390887062964
66,PPA,sus,28,0.5936444828058602
67,PPA,sus,29,0.5968937259267333
68,PPA,sus,30,0.5999513218290389
69,PPA,sus,31,0.6028681973866863
70,PPA,sus,32,0.6059353597047245
71,PPA,sus,33,0.6086888256168181
72,PPA,sus,34,0.6114794505789212
73,PPA,sus,35,0.6140364782180627
74,PPA,sus,36,0.6164188584600783
75,PPA,sus,37,0.6186879357553587
76,PPA,sus,38,0.620863227069544
77,PPA,sus,39,0.6231218494113884
78,EBA,sus,1,0.3363110229489219
79,EBA,sus,2,0.3985703019296355
80,EBA,sus,3,0.43415541220068804
81,EBA,sus,4,0.4599223864801035
82,EBA,sus,5,0.4803591717685058
83,EBA,sus,6,0.4972389620324794
84,EBA,sus,7,0.5119528029017256
85,EBA,sus,8,0.522629830730095
86,EBA,sus,9,0.5326450312581849
87,EBA,sus,10,0.5414457124436114
88,EBA,sus,11,0.5488981389523564
89,EBA,sus,12,0.5552125145752725
90,EBA,sus,13,0.560761109897148
91,EBA,sus,14,0.5658936838263294
92,EBA,sus,15,0.5706408591790589
93,EBA,sus,16,0.5751898304585208
94,EBA,sus,17,0.5792481040919075
95,EBA,sus,18,0.5827680097458419
96,EBA,sus,19,0.5865097540696647
97,EBA,sus,20,0.5895953394523218
98,EBA,sus,21,0.5926330603744703
99,EBA,sus,22,0.5955323088924087
100,EBA,sus,23,0.5980520590144675
101,EBA,sus,24,0.6007550975937661
102,EBA,sus,25,0.6033327907930193
103,EBA,sus,26,0.605659762105476
104,EBA,sus,27,0.6077658579448848
105,EBA,sus,28,0.6098581613591951
106,EBA,sus,29,0.611838448090358
107,EBA,sus,30,0.613857567998197
108,EBA,sus,31,0.6158981813087853
109,EBA,sus,32,0.617752298522223
110,EBA,sus,33,0.6193627055367793
111,EBA,sus,34,0.6209820464219764
112,EBA,sus,35,0.6225867661120403
113,EBA,sus,36,0.6240821602679976
114,EBA,sus,37,0.6255054679640716
115,EBA,sus,38,0.6268683004410779
116,EBA,sus,39,0.628347025833341
117,EVC,sus,1,0.5992055462234952
118,EVC,sus,2,0.6403015041778736
119,EVC,sus,3,0.6628455213970358
120,EVC,sus,4,0.6796522206573254
121,EVC,sus,5,0.6923698242597335
122,EVC,sus,6,0.7028130478469544
123,EVC,sus,7,0.7123625131612864
124,EVC,sus,8,0.7204825927765022
125,EVC,sus,9,0.7268256723823044
126,EVC,sus,10,0.7321775883550979
127,EVC,sus,11,0.7369054122124633
128,EVC,sus,12,0.7413906922003142
129,EVC,sus,13,0.7452535850421853
130,EVC,sus,14,0.7486661749577724
131,EVC,sus,15,0.7518322935335779
132,EVC,sus,16,0.7547453009862577
133,EVC,sus,17,0.7573454409547284
134,EVC,sus,18,0.7598050945837564
135,EVC,sus,19,0.7622712823549381
136,EVC,sus,20,0.7644419421186649
137,EVC,sus,21,0.766278427725197
138,EVC,sus,22,0.7680735391074178
139,EVC,sus,23,0.7697696645597841
140,EVC,sus,24,0.7712490167880957
141,EVC,sus,25,0.7727382238437241
142,EVC,sus,26,0.7741675957726967
143,EVC,sus,27,0.7754189921675383
144,EVC,sus,28,0.7767289841168654
145,EVC,sus,29,0.7778364282382905
146,EVC,sus,30,0.7789718626000612
147,EVC,sus,31,0.780042408867384
148,EVC,sus,32,0.7810231840273405
149,EVC,sus,33,0.7819903957866939
150,EVC,sus,34,0.782970158206827
151,EVC,sus,35,0.7837788084102013
152,EVC,sus,36,0.784610365672068
153,EVC,sus,37,0.7853336210298807
154,EVC,sus,38,0.786027166557415
155,EVC,sus,39,0.7866759312215389
156,FFA,miniblock,1,0.4232023104694952
157,FFA,miniblock,2,0.4749755765289052
158,FFA,miniblock,3,0.5098119828733794
159,FFA,miniblock,4,0.5338337398336003
160,FFA,miniblock,5,0.5531018289193628
161,FFA,miniblock,6,0.5695158066792012
162,FFA,miniblock,7,0.5848260177224722
163,FFA,miniblock,8,0.5967802273891865
164,FFA,miniblock,9,0.6070998162203833
165,FFA,miniblock,10,0.6150907526099366
166,FFA,miniblock,11,0.6221577033923138
167,FFA,miniblock,12,0.6292875945156453
168,FFA,miniblock,13,0.6357890555252982
169,FFA,miniblock,14,0.6415872381674588
170,FFA,miniblock,15,0.6472113728566649
171,FFA,miniblock,16,0.652039433324179
172,FFA,miniblock,17,0.6567055813794578
173,FFA,miniblock,18,0.6614640623525243
174,FFA,miniblock,19,0.6658454801720733
175,FFA,miniblock,20,0.6700392274406818
176,FFA,miniblock,21,0.6738204560987999
177,FFA,miniblock,22,0.6774493019940399
178,FFA,miniblock,23,0.6808386236773393
179,FFA,miniblock,24,0.6840692191824772
180,FFA,miniblock,25,0.6871687570159837
181,FFA,miniblock,26,0.6900949700641742
182,FFA,miniblock,27,0.6929287786770919
183,FFA,miniblock,28,0.695777787693196
184,FFA,miniblock,29,0.6982813687347165
185,FFA,miniblock,30,0.7007052242639834
186,FFA,miniblock,31,0.7031853927153499
187,FFA,miniblock,32,0.7053885989227064
188,FFA,miniblock,33,0.7072931702063838
189,FFA,miniblock,34,0.7093357070548432
190,FFA,miniblock,35,0.7112994585990569
191,FFA,miniblock,36,0.7131548310419387
192,FFA,miniblock,37,0.7148673360324296
193,FFA,miniblock,38,0.7165324486081769
194,FFA,miniblock,39,0.7182979756720173
195,PPA,miniblock,1,0.296638009815421
196,PPA,miniblock,2,0.36142114864562147
197,PPA,miniblock,3,0.4016276659570984
198,PPA,miniblock,4,0.4310017746631153
199,PPA,miniblock,5,0.45201548486751986
200,PPA,miniblock,6,0.4693681878227075
201,PPA,miniblock,7,0.4836702878522188
202,PPA,miniblock,8,0.497120598943836
203,PPA,miniblock,9,0.508837122461834
204,PPA,miniblock,10,0.5204045420755705
205,PPA,miniblock,11,0.5295856645263214
206,PPA,miniblock,12,0.5382002952944792
207,PPA,miniblock,13,0.5462574880550165
208,PPA,miniblock,14,0.5546462809769921
209,PPA,miniblock,15,0.5618078346219401
210,PPA,miniblock,16,0.5678066031174632
211,PPA,miniblock,17,0.5738598776411015
212,PPA,miniblock,18,0.5796581495772505
213,PPA,miniblock,19,0.5849277966784253
214,PPA,miniblock,20,0.5905510596594019
215,PPA,miniblock,21,0.5958135084408589
216,PPA,miniblock,22,0.6008431553948269
217,PPA,miniblock,23,0.6053523286952815
218,PPA,miniblock,24,0.6096638004810464
219,PPA,miniblock,25,0.6135810547117655
220,PPA,miniblock,26,0.6171691313328823
221,PPA,miniblock,27,0.6208922599499687
222,PPA,miniblock,28,0.624389665986142
223,PPA,miniblock,29,0.6278781214771342
224,PPA,miniblock,30,0.631081766292061
225,PPA,miniblock,31,0.6341020954586092
226,PPA,miniblock,32,0.6371535024282362
227,PPA,miniblock,33,0.639913195844757
228,PPA,miniblock,34,0.6424915009511015
229,PPA,miniblock,35,0.6451317386947346
230,PPA,miniblock,36,0.6475732378948854
231,PPA,miniblock,37,0.6500282073596975
232,PPA,miniblock,38,0.6523884878052719
233,PPA,miniblock,39,0.6544774736457663
234,EBA,miniblock,1,0.4346458139267376
235,EBA,miniblock,2,0.480683691059873
236,EBA,miniblock,3,0.5107923503840243
237,EBA,miniblock,4,0.5366972024463098
238,EBA,miniblock,5,0.5556290840900002
239,EBA,miniblock,6,0.5698501826173125
240,EBA,miniblock,7,0.5824201710792221
241,EBA,miniblock,8,0.5928250482567526
242,EBA,miniblock,9,0.6019442362913459
243,EBA,miniblock,10,0.6099369335349653
244,EBA,miniblock,11,0.6164958611786342
245,EBA,miniblock,12,0.62230215526299
246,EBA,miniblock,13,0.6275676283824948
247,EBA,miniblock,14,0.6322385610840515
248,EBA,miniblock,15,0.6365956414440759
249,EBA,miniblock,16,0.640276677252975
250,EBA,miniblock,17,0.6439803507922044
251,EBA,miniblock,18,0.6473631582346686
252,EBA,miniblock,19,0.6502572648271577
253,EBA,miniblock,20,0.6532057811739509
254,EBA,miniblock,21,0.6560293594358859
255,EBA,miniblock,22,0.6585406474079686
256,EBA,miniblock,23,0.6607959014791004
257,EBA,miniblock,24,0.6633451957373389
258,EBA,miniblock,25,0.6654803276221093
259,EBA,miniblock,26,0.6675515994961939
260,EBA,miniblock,27,0.6695965054001203
261,EBA,miniblock,28,0.6715347436051131
262,EBA,miniblock,29,0.6732772575356939
263,EBA,miniblock,30,0.6750495385280088
264,EBA,miniblock,31,0.6766045588447546
265,EBA,miniblock,32,0.678216813372434
266,EBA,miniblock,33,0.6797365304496198
267,EBA,miniblock,34,0.681219766008738
268,EBA,miniblock,35,0.6826057372858123
269,EBA,miniblock,36,0.6838731587784022
270,EBA,miniblock,37,0.6852808808051083
271,EBA,miniblock,38,0.6866742399063055
272,EBA,miniblock,39,0.6878460515081483
273,EVC,miniblock,1,0.6409430812564281
274,EVC,miniblock,2,0.6797536755176339
275,EVC,miniblock,3,0.7003464074773433
276,EVC,miniblock,4,0.7162891707445791
277,EVC,miniblock,5,0.7277529677440506
278,EVC,miniblock,6,0.7367626339414063
279,EVC,miniblock,7,0.7441020924951401
280,EVC,miniblock,8,0.7512389934653088
281,EVC,miniblock,9,0.7578562675287216
282,EVC,miniblock,10,0.7631393253563888
283,EVC,miniblock,11,0.7675825285323263
284,EVC,miniblock,12,0.7718692145002009
285,EVC,miniblock,13,0.7753493362683364
286,EVC,miniblock,14,0.7788185751471076
287,EVC,miniblock,15,0.7817098256351579
288,EVC,miniblock,16,0.7844976978862845
289,EVC,miniblock,17,0.7871067732169628
290,EVC,miniblock,18,0.789290227806298
291,EVC,miniblock,19,0.7914389525660444
292,EVC,miniblock,20,0.7934336010732568
293,EVC,miniblock,21,0.7952458486179015
294,EVC,miniblock,22,0.7970299661989377
295,EVC,miniblock,23,0.7986254737328854
296,EVC,miniblock,24,0.8002303908005102
297,EVC,miniblock,25,0.8016168239143091
298,EVC,miniblock,26,0.8029127095388588
299,EVC,miniblock,27,0.804143741667812
300,EVC,miniblock,28,0.8053490200791646
301,EVC,miniblock,29,0.80662330516862
302,EVC,miniblock,30,0.8077058774954139
303,EVC,miniblock,31,0.8087672667503456
304,EVC,miniblock,32,0.8096982368009122
305,EVC,miniblock,33,0.8106449055155652
306,EVC,miniblock,34,0.8115262594553322
307,EVC,miniblock,35,0.8123390804800807
308,EVC,miniblock,36,0.8131549604709996
309,EVC,miniblock,37,0.8138020741334284
310,EVC,miniblock,38,0.8144559514010682
311,EVC,miniblock,39,0.8150688713738499
312,FFA,er,1,0.24016731777948436
313,FFA,er,2,0.29662595752045695
314,FFA,er,3,0.34103274681272777
315,FFA,er,4,0.3719469531850232
316,FFA,er,5,0.3955592447403077
317,FFA,er,6,0.4158950926250685
318,FFA,er,7,0.4328946812668316
319,FFA,er,8,0.44801124558755767
320,FFA,er,9,0.46151005379586135
321,FFA,er,10,0.47275489117902747
322,FFA,er,11,0.48378690184368145
323,FFA,er,12,0.4938550608427468
324,FFA,er,13,0.5029541031848409
325,FFA,er,14,0.51152635353325
326,FFA,er,15,0.5195658987903553
327,FFA,er,16,0.5266276294780066
328,FFA,er,17,0.5337605426214603
329,FFA,er,18,0.5403007842093792
330,FFA,er,19,0.5464885478105724
331,FFA,er,20,0.5524181987106747
332,FFA,er,21,0.557758771644678
333,FFA,er,22,0.5628135144442752
334,FFA,er,23,0.5676032410777074
335,FFA,er,24,0.572020801509561
336,FFA,er,25,0.5766437032318968
337,FFA,er,26,0.5808017045144913
338,FFA,er,27,0.5851258632894057
339,FFA,er,28,0.5887242639939927
340,FFA,er,29,0.5924244299050309
341,FFA,er,30,0.5957102459233659
342,FFA,er,31,0.5991367123536696
343,FFA,er,32,0.6024152823360918
344,FFA,er,33,0.6055117784224817
345,FFA,er,34,0.6084313076499406
346,FFA,er,35,0.6112097911505749
347,FFA,er,36,0.6141233150983892
348,FFA,er,37,0.6166670347107153
349,FFA,er,38,0.6192832647462934
350,FFA,er,39,0.6217674309328369
351,PPA,er,1,0.16971374325713848
352,PPA,er,2,0.22763207803328167
353,PPA,er,3,0.26812637167279185
354,PPA,er,4,0.29590636066218784
355,PPA,er,5,0.31910417333371144
356,PPA,er,6,0.3382719799936014
357,PPA,er,7,0.355217601101087
358,PPA,er,8,0.37160010229058493
359,PPA,er,9,0.3856878507347271
360,PPA,er,10,0.3993767645577828
361,PPA,er,11,0.41228466053032137
362,PPA,er,12,0.42265663150501187
363,PPA,er,13,0.4324503661025515
364,PPA,er,14,0.441737589977798
365,PPA,er,15,0.45036189926331227
366,PPA,er,16,0.4578645563279897
367,PPA,er,17,0.46521360086872204
368,PPA,er,18,0.4728072508470012
369,PPA,er,19,0.4800483261307436
370,PPA,er,20,0.48666177142836603
371,PPA,er,21,0.4930733393444869
372,PPA,er,22,0.498769101772034
373,PPA,er,23,0.5039979553376482
374,PPA,er,24,0.5091825866716301
375,PPA,er,25,0.5145161070814743
376,PPA,er,26,0.5193815635522808
377,PPA,er,27,0.5241179421465888
378,PPA,er,28,0.5285826379868449
379,PPA,er,29,0.5330042747873871
380,PPA,er,30,0.5371418614182153
381,PPA,er,31,0.5412121546122515
382,PPA,er,32,0.5451618510239032
383,PPA,er,33,0.5485486976651492
384,PPA,er,34,0.5519799958291538
385,PPA,er,35,0.5552718592416366
386,PPA,er,36,0.5583913969800377
387,PPA,er,37,0.5615345593108818
388,PPA,er,38,0.5645154930050109
389,PPA,er,39,0.5672181655931341
390,EBA,er,1,0.22138391714542038
391,EBA,er,2,0.2805600935780043
392,EBA,er,3,0.3183940023683177
393,EBA,er,4,0.3506232063645471
394,EBA,er,5,0.37368508727529937
395,EBA,er,6,0.39184054046900835
396,EBA,er,7,0.40717831607585514
397,EBA,er,8,0.41890084209837297
398,EBA,er,9,0.42800006467441093
399,EBA,er,10,0.436865427085212
400,EBA,er,11,0.44495190849698235
401,EBA,er,12,0.4517540174595435
402,EBA,er,13,0.45852427171926935
403,EBA,er,14,0.46426672809554004
404,EBA,er,15,0.4696224194227481
405,EBA,er,16,0.4743949945560206
406,EBA,er,17,0.47902309428192985
407,EBA,er,18,0.4835752608003763
408,EBA,er,19,0.48802248043202195
409,EBA,er,20,0.4915284909860544
410,EBA,er,21,0.4953965157459713
411,EBA,er,22,0.4990128885955924
412,EBA,er,23,0.5024559299847782
413,EBA,er,24,0.5055485240457507
414,EBA,er,25,0.5085501347423558
415,EBA,er,26,0.511444084206911
416,EBA,er,27,0.5141302451903853
417,EBA,er,28,0.5167248007081142
418,EBA,er,29,0.5193552126117882
419,EBA,er,30,0.5216413449429191
420,EBA,er,31,0.5240197198707514
421,EBA,er,32,0.5261968536663317
422,EBA,er,33,0.5283658457267165
423,EBA,er,34,0.5306017263827064
424,EBA,er,35,0.5326245388127069
425,EBA,er,36,0.5346787133186737
426,EBA,er,37,0.5365008217366178
427,EBA,er,38,0.5383202195012105
428,EBA,er,39,0.5401637235577316
429,EVC,er,1,0.3284040178651678
430,EVC,er,2,0.417868735954135
431,EVC,er,3,0.449082916897254
432,EVC,er,4,0.47446665420528894
433,EVC,er,5,0.4925436493713205
434,EVC,er,6,0.507603069158934
435,EVC,er,7,0.5202582069082101
436,EVC,er,8,0.5303925370941167
437,EVC,er,9,0.5390221624942308
438,EVC,er,10,0.5476777636167565
439,EVC,er,11,0.5559752491874953
440,EVC,er,12,0.5630048849021255
441,EVC,er,13,0.5693091133377891
442,EVC,er,14,0.5742950089299654
443,EVC,er,15,0.5785653451986418
444,EVC,er,16,0.5825892189881968
445,EVC,er,17,0.5863097808053825
446,EVC,er,18,0.5898954816542143
447,EVC,er,19,0.5933725196429888
448,EVC,er,20,0.5964446149827467
449,EVC,er,21,0.5995786017009788
450,EVC,er,22,0.6023123565607934
451,EVC,er,23,0.6048506673694497
452,EVC,er,24,0.6071869061644639
453,EVC,er,25,0.6094041858970337
454,EVC,er,26,0.6115020328047941
455,EVC,er,27,0.6135089262599766
456,EVC,er,28,0.615437598748142
457,EVC,er,29,0.6172480137012488
458,EVC,er,30,0.6190145540150127
459,EVC,er,31,0.6206088431758121
460,EVC,er,32,0.6221995297086705
461,EVC,er,33,0.6238013390832828
462,EVC,er,34,0.6253253626938454
463,EVC,er,35,0.6266731610923013
464,EVC,er,36,0.6279892506738777
465,EVC,er,37,0.6292734902060292
466,EVC,er,38,0.6304177504962588
467,EVC,er,39,0.6315120341712356
